Data,Czas,Data,Produkt,ISIN,Opis,Kurs,Zmiana,,Saldo,,Identyfikator zlecenia
07-04-2026,11:25,07-04-2026,,,Degiro Cash Sweep Transfer,,EUR,"-31,67",EUR,"8792,58",
07-04-2026,11:25,07-04-2026,,,"Transfer to your Cash Account at flatexDEGIRO Bank: 31,67 EUR",,,,EUR,"8824,25",
06-04-2026,06:10,31-03-2026,,,Flatex Interest Income,,PLN,"0,00",PLN,"0,00",
05-04-2026,11:42,31-03-2026,,,Flatex Interest Income,,EUR,"0,00",EUR,"8792,58",
04-04-2026,06:33,03-04-2026,,,FX Credit,,EUR,"31,67",EUR,"8792,58",
04-04-2026,06:33,03-04-2026,,,FX Withdrawal,"1,1547",USD,"-36,57",USD,"0,00",
03-04-2026,10:40,03-04-2026,,,Degiro Cash Sweep Transfer,,EUR,"-30,28",EUR,"8760,91",
03-04-2026,10:40,03-04-2026,,,"Transfer to your Cash Account at flatexDEGIRO Bank: 30,28 EUR",,,,EUR,"8791,19",
03-04-2026,07:18,02-04-2026,,,FX Credit,,EUR,"30,28",EUR,"8760,91",
03-04-2026,07:18,02-04-2026,,,FX Withdrawal,"1,1568",USD,"-35,03",USD,"36,57",
03-04-2026,07:03,02-04-2026,ADR ON SIBANYE STILLWATER LTD,US82575P1075,Dywidenda,,USD,"45,71",USD,"71,60",
03-04-2026,07:03,02-04-2026,ADR ON SIBANYE STILLWATER LTD,US82575P1075,Podatek Dywidendowy,,USD,"-9,14",USD,"25,89",
02-04-2026,14:55,31-03-2026,ISHARES EM DIVIDEND UCITS ETF USD (DIST),IE00B652H904,Dywidenda,,USD,"35,03",USD,"35,03",
16-03-2026,04:16,16-03-2026,,,Degiro Cash Sweep Transfer,,EUR,"-4,05",EUR,"8730,63",
16-03-2026,04:16,16-03-2026,,,"Transfer to your Cash Account at flatexDEGIRO Bank: 4,05 EUR",,,,EUR,"8734,68",
14-03-2026,06:59,13-03-2026,,,FX Credit,,EUR,"4,05",EUR,"8730,63",
14-03-2026,06:59,13-03-2026,,,FX Withdrawal,"1,1445",USD,"-4,64",USD,"0,00",
13-03-2026,07:19,12-03-2026,MICROSOFT CORP,US5949181045,Podatek Dywidendowy,,USD,"-0,82",USD,"4,64",
13-03-2026,07:19,12-03-2026,MICROSOFT CORP,US5949181045,Dywidenda,,USD,"5,46",USD,"5,46",
23-02-2026,15:41,23-02-2026,,,Degiro Cash Sweep Transfer,,EUR,"20,00",EUR,"8726,58",
23-02-2026,15:41,23-02-2026,,,Transfer from your Cash Account at flatexDEGIRO Bank: 20 EUR,,,,EUR,"8706,58",
23-02-2026,10:45,31-01-2026,,,DEGIRO Exchange Connection Fee 2026 (SIX Swiss Exchange (SWX) - SWX),,EUR,"-2,50",EUR,"8726,58",
23-02-2026,10:45,31-01-2026,,,DEGIRO Exchange Connection Fee 2026 (New York Stock Exchange - NSY),,EUR,"-2,50",EUR,"8729,08",
23-02-2026,10:45,31-01-2026,,,DEGIRO Exchange Connection Fee 2026 (Nasdaq - NDQ),,EUR,"-2,50",EUR,"8731,58",
23-02-2026,10:45,31-01-2026,,,DEGIRO Exchange Connection Fee 2026 (NYSE American - ASE),,EUR,"-2,50",EUR,"8734,08",
23-02-2026,10:45,31-01-2026,,,DEGIRO Exchange Connection Fee 2026 (London Stock Exchange (LSE) - LSE),,EUR,"-2,50",EUR,"8736,58",
23-02-2026,10:45,31-01-2026,,,DEGIRO Exchange Connection Fee 2026 (Tradegate AG - TDG),,EUR,"-2,50",EUR,"8739,08",
23-02-2026,10:45,31-01-2026,,,DEGIRO Exchange Connection Fee 2026 (Boerse Frankfurt - FRA),,EUR,"-2,50",EUR,"8741,58",
23-02-2026,10:45,31-01-2026,,,DEGIRO Exchange Connection Fee 2026 (Xetra - XET),,EUR,"-2,50",EUR,"8744,08",
23-02-2026,03:32,23-02-2026,,,Degiro Cash Sweep Transfer,,EUR,"-0,75",EUR,"8746,58",
23-02-2026,03:32,23-02-2026,,,"Transfer to your Cash Account at flatexDEGIRO Bank: 0,75 EUR",,,,EUR,"8747,33",
21-02-2026,06:30,20-02-2026,,,FX Credit,,EUR,"0,75",EUR,"8746,58",
21-02-2026,06:30,20-02-2026,,,FX Withdrawal,"1,1814",USD,"-0,89",USD,"0,00",
20-02-2026,07:03,19-02-2026,INDUSTRIAL LOGISTICS PROPERTIES TRUST,US4562371066,Podatek Dywidendowy,,USD,"-0,16",USD,"0,89",
20-02-2026,07:03,19-02-2026,INDUSTRIAL LOGISTICS PROPERTIES TRUST,US4562371066,Dywidenda,,USD,"1,05",USD,"1,05",
16-02-2026,04:29,16-02-2026,,,Degiro Cash Sweep Transfer,,EUR,"-21,98",EUR,"8745,83",
16-02-2026,04:29,16-02-2026,,,"Transfer to your Cash Account at flatexDEGIRO Bank: 21,98 EUR",,,,EUR,"8767,81",
14-02-2026,06:47,13-02-2026,,,FX Credit,,EUR,"21,98",EUR,"8745,83",
14-02-2026,06:47,13-02-2026,,,FX Withdrawal,"1,5025",SG,"-33,03",SG,"0,00",
13-02-2026,07:11,12-02-2026,UBS MSCI SINGAPORE UCITS ETF SGD DIS,LU1169825954,Dywidenda,,SG,"33,03",SG,"33,03",
10-01-2026,03:20,02-01-2026,,,Flatex Interest Income,,EUR,"0,00",EUR,"8723,85",
04-01-2026,10:31,02-01-2026,,,Flatex Interest Income,,PLN,"0,00",PLN,"0,00",
31-12-2025,08:52,31-12-2025,,,Degiro Cash Sweep Transfer,,EUR,"-19,99",EUR,"8723,85",
31-12-2025,08:52,31-12-2025,,,"Transfer to your Cash Account at flatexDEGIRO Bank: 19,99 EUR",,,,EUR,"8743,84",
31-12-2025,06:32,30-12-2025,,,FX Credit,,EUR,"19,99",EUR,"8723,85",
31-12-2025,06:32,30-12-2025,,,FX Withdrawal,"1,1777",USD,"-23,54",USD,"0,00",
30-12-2025,07:38,24-12-2025,ISHARES EM DIVIDEND UCITS ETF USD (DIST),IE00B652H904,Dywidenda,,USD,"23,54",USD,"23,54",
15-12-2025,04:23,15-12-2025,,,Degiro Cash Sweep Transfer,,EUR,"-3,99",EUR,"8703,86",
15-12-2025,04:23,15-12-2025,,,"Transfer to your Cash Account at flatexDEGIRO Bank: 3,99 EUR",,,,EUR,"8707,85",
13-12-2025,06:56,12-12-2025,,,FX Credit,,EUR,"3,99",EUR,"8703,86",
13-12-2025,06:56,12-12-2025,,,FX Withdrawal,"1,1769",USD,"-4,70",USD,"0,00",
12-12-2025,14:56,14-11-2024,INDUSTRIAL LOGISTICS PROPERTIES TRUST,US4562371066,Capital Return,,USD,"0,21",USD,"4,70",
12-12-2025,14:56,14-11-2024,INDUSTRIAL LOGISTICS PROPERTIES TRUST,US4562371066,Dywidenda,,USD,"-0,21",USD,"4,49",
12-12-2025,14:56,14-11-2024,INDUSTRIAL LOGISTICS PROPERTIES TRUST,US4562371066,Podatek Dywidendowy,,USD,"0,03",USD,"4,70",
12-12-2025,13:42,12-12-2025,,,Degiro Cash Sweep Transfer,,EUR,"-0,05",EUR,"8699,87",
12-12-2025,13:42,12-12-2025,,,"Transfer to your Cash Account at flatexDEGIRO Bank: 0,05 EUR",,,,EUR,"8699,92",
12-12-2025,11:09,15-08-2024,INDUSTRIAL LOGISTICS PROPERTIES TRUST,US4562371066,Capital Return,,USD,"0,21",USD,"4,67",
12-12-2025,11:09,15-08-2024,INDUSTRIAL LOGISTICS PROPERTIES TRUST,US4562371066,Dywidenda,,USD,"-0,21",USD,"4,46",
12-12-2025,11:09,15-08-2024,INDUSTRIAL LOGISTICS PROPERTIES TRUST,US4562371066,Podatek Dywidendowy,,USD,"0,03",USD,"4,67",
12-12-2025,08:00,11-12-2025,MICROSOFT CORP,US5949181045,Podatek Dywidendowy,,USD,"-0,82",USD,"4,64",
12-12-2025,08:00,11-12-2025,MICROSOFT CORP,US5949181045,Dywidenda,,USD,"5,46",USD,"5,46",
12-12-2025,06:36,11-12-2025,,,FX Credit,,EUR,"0,05",EUR,"8699,87",
12-12-2025,06:36,11-12-2025,,,FX Withdrawal,"1,1768",USD,"-0,06",USD,"0,00",
11-12-2025,12:46,16-05-2024,INDUSTRIAL LOGISTICS PROPERTIES TRUST,US4562371066,Capital Return,,USD,"0,21",USD,"0,06",
11-12-2025,12:46,16-05-2024,INDUSTRIAL LOGISTICS PROPERTIES TRUST,US4562371066,Dywidenda,,USD,"-0,21",USD,"-0,15",
11-12-2025,12:46,16-05-2024,INDUSTRIAL LOGISTICS PROPERTIES TRUST,US4562371066,Podatek Dywidendowy,,USD,"0,03",USD,"0,06",
11-12-2025,11:06,15-02-2024,INDUSTRIAL LOGISTICS PROPERTIES TRUST,US4562371066,Capital Return,,USD,"0,21",USD,"0,03",
11-12-2025,11:06,15-02-2024,INDUSTRIAL LOGISTICS PROPERTIES TRUST,US4562371066,Dywidenda,,USD,"-0,21",USD,"-0,18",
11-12-2025,11:06,15-02-2024,INDUSTRIAL LOGISTICS PROPERTIES TRUST,US4562371066,Podatek Dywidendowy,,USD,"0,03",USD,"0,03",
05-12-2025,08:31,05-12-2025,,,"Transfer to your Cash Account at flatexDEGIRO Bank: 3,62 EUR",,,,EUR,"8699,82",
05-12-2025,08:31,05-12-2025,,,Degiro Cash Sweep Transfer,,EUR,"-3,62",EUR,"8696,20",
05-12-2025,06:45,04-12-2025,,,FX Credit,,EUR,"3,62",EUR,"8699,82",
05-12-2025,06:45,04-12-2025,,,FX Withdrawal,"1,1673",USD,"-4,23",USD,"0,00",
04-12-2025,08:40,04-12-2025,,,"Transfer from your Cash Account at flatexDEGIRO Bank: 3,63 EUR",,,,EUR,"8696,20",
04-12-2025,08:40,04-12-2025,,,Degiro Cash Sweep Transfer,,EUR,"3,63",EUR,"8699,83",
04-12-2025,08:15,11-09-2025,MICROSOFT CORP,US5949181045,Podatek Dywidendowy,,USD,"-0,75",USD,"4,23",
04-12-2025,08:15,11-09-2025,MICROSOFT CORP,US5949181045,Dywidenda,,USD,"4,98",USD,"4,98",
04-12-2025,06:42,03-12-2025,,,FX Withdrawal,,EUR,"-3,63",EUR,"8696,20",
04-12-2025,06:42,03-12-2025,,,FX Credit,"1,1642",USD,"4,23",USD,"0,00",
03-12-2025,18:07,11-09-2025,MICROSOFT CORP,US5949181045,Podatek Dywidendowy,,USD,"0,75",USD,"-4,23",
03-12-2025,18:05,11-09-2025,MICROSOFT CORP,US5949181045,Dywidenda,,USD,"-4,98",USD,"-4,98",
17-11-2025,04:21,17-11-2025,,,"Transfer to your Cash Account at flatexDEGIRO Bank: 0,76 EUR",,,,EUR,"8699,83",
17-11-2025,04:21,17-11-2025,,,Degiro Cash Sweep Transfer,,EUR,"-0,76",EUR,"8699,07",
15-11-2025,06:41,14-11-2025,,,FX Credit,,EUR,"0,76",EUR,"8699,83",
15-11-2025,06:41,14-11-2025,,,FX Withdrawal,"1,1650",USD,"-0,89",USD,"0,00",
14-11-2025,07:36,13-11-2025,INDUSTRIAL LOGISTICS PROPERTIES TRUST,US4562371066,Podatek Dywidendowy,,USD,"-0,16",USD,"0,89",
14-11-2025,07:36,13-11-2025,INDUSTRIAL LOGISTICS PROPERTIES TRUST,US4562371066,Dywidenda,,USD,"1,05",USD,"1,05",
07-10-2025,08:00,30-09-2025,,,Flatex Interest Income,,EUR,"0,00",EUR,"8699,07",
04-10-2025,17:40,30-09-2025,,,Flatex Interest Income,,PLN,"0,00",PLN,"0,00",
29-09-2025,04:11,29-09-2025,,,Degiro Cash Sweep Transfer,,EUR,"-32,69",EUR,"8699,07",
29-09-2025,04:11,29-09-2025,,,"Transfer to your Cash Account at flatexDEGIRO Bank: 32,69 EUR",,,,EUR,"8731,76",
27-09-2025,06:33,26-09-2025,,,FX Credit,,EUR,"32,69",EUR,"8699,07",
27-09-2025,06:33,26-09-2025,,,FX Withdrawal,"1,1732",USD,"-38,35",USD,"0,00",
26-09-2025,08:41,26-09-2025,,,Degiro Cash Sweep Transfer,,EUR,"-59,85",EUR,"8666,38",
26-09-2025,08:41,26-09-2025,,,"Transfer to your Cash Account at flatexDEGIRO Bank: 59,85 EUR",,,,EUR,"8726,23",
26-09-2025,07:29,25-09-2025,ADR ON RIO TINTO PLC,US7672041008,ADR/GDR Pass-Through Fee,,USD,"-0,13",USD,"38,35",
26-09-2025,07:28,25-09-2025,ADR ON RIO TINTO PLC,US7672041008,Dywidenda,,USD,"38,48",USD,"38,48",
26-09-2025,06:34,25-09-2025,,,FX Credit,,EUR,"59,85",EUR,"8666,38",
26-09-2025,06:34,25-09-2025,,,FX Withdrawal,"1,1695",USD,"-69,99",USD,"0,00",
25-09-2025,07:33,24-09-2025,ISHARES EM DIVIDEND UCITS ETF USD (DIST),IE00B652H904,Dywidenda,,USD,"69,99",USD,"69,99",
15-09-2025,04:33,15-09-2025,,,"Transfer to your Cash Account at flatexDEGIRO Bank: 3,6 EUR",,,,EUR,"8606,53",
15-09-2025,04:33,15-09-2025,,,Degiro Cash Sweep Transfer,,EUR,"-3,60",EUR,"8602,93",
13-09-2025,06:47,12-09-2025,,,FX Credit,,EUR,"3,60",EUR,"8606,53",
13-09-2025,06:47,12-09-2025,,,FX Withdrawal,"1,1764",USD,"-4,23",USD,"0,00",
12-09-2025,08:23,11-09-2025,MICROSOFT CORP,US5949181045,Dywidenda,,USD,"-9,96",USD,"4,23",
12-09-2025,08:23,11-09-2025,MICROSOFT CORP,US5949181045,Podatek Dywidendowy,,USD,"1,50",USD,"14,19",
12-09-2025,08:22,11-09-2025,MICROSOFT CORP,US5949181045,Podatek Dywidendowy,,USD,"-0,75",USD,"12,69",
12-09-2025,08:22,11-09-2025,MICROSOFT CORP,US5949181045,Dywidenda,,USD,"4,98",USD,"13,44",
12-09-2025,07:22,11-09-2025,MICROSOFT CORP,US5949181045,Podatek Dywidendowy,,USD,"-0,75",USD,"8,46",
12-09-2025,07:22,11-09-2025,MICROSOFT CORP,US5949181045,Dywidenda,,USD,"4,98",USD,"9,21",
12-09-2025,07:21,11-09-2025,MICROSOFT CORP,US5949181045,Dywidenda,,USD,"4,98",USD,"4,23",
12-09-2025,07:21,11-09-2025,MICROSOFT CORP,US5949181045,Podatek Dywidendowy,,USD,"-0,75",USD,"-0,75",
18-08-2025,04:12,18-08-2025,,,"Transfer to your Cash Account at flatexDEGIRO Bank: 0,76 EUR",,,,EUR,"8602,93",
18-08-2025,04:12,18-08-2025,,,Degiro Cash Sweep Transfer,,EUR,"-0,76",EUR,"8602,17",
16-08-2025,06:36,15-08-2025,,,FX Credit,,EUR,"0,76",EUR,"8602,93",
16-08-2025,06:36,15-08-2025,,,FX Withdrawal,"1,1732",USD,"-0,89",USD,"0,00",
15-08-2025,07:27,14-08-2025,INDUSTRIAL LOGISTICS PROPERTIES TRUST,US4562371066,Dywidenda,,USD,"1,05",USD,"0,89",
15-08-2025,07:27,14-08-2025,INDUSTRIAL LOGISTICS PROPERTIES TRUST,US4562371066,Podatek Dywidendowy,,USD,"-0,16",USD,"-0,16",
01-08-2025,07:46,01-08-2025,,,"Transfer to your Cash Account at flatexDEGIRO Bank: 17,49 EUR",,,,EUR,"8602,17",
01-08-2025,07:46,01-08-2025,,,Degiro Cash Sweep Transfer,,EUR,"-17,49",EUR,"8584,68",
01-08-2025,06:34,31-07-2025,,,FX Credit,,EUR,"17,49",EUR,"8602,17",
01-08-2025,06:34,31-07-2025,,,FX Withdrawal,"1,4861",SG,"-25,99",SG,"0,00",
01-08-2025,05:04,31-07-2025,UBS MSCI SINGAPORE UCITS ETF SGD DIS,LU1169825954,Dywidenda,,SG,"25,99",SG,"25,99",
31-07-2025,07:50,31-07-2025,,,"Transfer to your Cash Account at flatexDEGIRO Bank: 70,24 EUR",,,,EUR,"8584,68",
31-07-2025,07:50,31-07-2025,,,Degiro Cash Sweep Transfer,,EUR,"-70,24",EUR,"8514,44",
31-07-2025,06:35,30-07-2025,,,FX Credit,,EUR,"70,24",EUR,"8584,68",
31-07-2025,06:35,30-07-2025,,,FX Withdrawal,"1,1434",USD,"-80,31",USD,"0,00",
30-07-2025,15:08,28-07-2025,NAK KAZATOMPROM AO,US63253R2013,Dywidenda,,USD,"80,31",USD,"80,31",
06-07-2025,05:20,30-06-2025,,,Flatex Interest Income,,EUR,"0,00",EUR,"8514,44",
05-07-2025,20:42,30-06-2025,,,Flatex Interest Income,,PLN,"0,00",PLN,"0,00",
27-06-2025,08:10,27-06-2025,,,"Transfer to your Cash Account at flatexDEGIRO Bank: 68,35 EUR",,,,EUR,"8514,44",
27-06-2025,08:10,27-06-2025,,,Degiro Cash Sweep Transfer,,EUR,"-68,35",EUR,"8446,09",
27-06-2025,06:35,26-06-2025,,,FX Credit,,EUR,"68,35",EUR,"8514,44",
27-06-2025,06:35,26-06-2025,,,FX Withdrawal,"1,1729",USD,"-80,17",USD,"0,00",
26-06-2025,08:12,25-06-2025,ISHARES EM DIVIDEND UCITS ETF USD (DIST),IE00B652H904,Dywidenda,,USD,"80,17",USD,"80,17",
16-06-2025,04:16,16-06-2025,,,"Transfer to your Cash Account at flatexDEGIRO Bank: 3,65 EUR",,,,EUR,"8446,09",
16-06-2025,04:16,16-06-2025,,,Degiro Cash Sweep Transfer,,EUR,"-3,65",EUR,"8442,44",
14-06-2025,06:53,13-06-2025,,,FX Credit,,EUR,"3,65",EUR,"8446,09",
14-06-2025,06:53,13-06-2025,,,FX Withdrawal,"1,1578",USD,"-4,23",USD,"0,00",
13-06-2025,07:29,12-06-2025,MICROSOFT CORP,US5949181045,Dywidenda,,USD,"4,98",USD,"4,23",
13-06-2025,07:29,12-06-2025,MICROSOFT CORP,US5949181045,Podatek Dywidendowy,,USD,"-0,75",USD,"-0,75",
22-05-2025,07:32,22-05-2025,,,"Transfer from your Cash Account at flatexDEGIRO Bank: 0,62 EUR",,,,EUR,"8442,44",
22-05-2025,07:32,22-05-2025,,,Degiro Cash Sweep Transfer,,EUR,"0,62",EUR,"8443,06",
22-05-2025,06:35,21-05-2025,,,FX Withdrawal,,EUR,"-0,62",EUR,"8442,44",
22-05-2025,06:35,21-05-2025,,,FX Credit,"1,1303",USD,"0,70",USD,"0,00",
21-05-2025,10:07,20-05-2025,NAK KAZATOMPROM AO,US63253R2013,ADR/GDR Pass-Through Fee,,USD,"-0,70",USD,"-0,70",
19-05-2025,03:41,19-05-2025,,,"Transfer to your Cash Account at flatexDEGIRO Bank: 0,16 EUR",,,,EUR,"8443,06",
19-05-2025,03:41,19-05-2025,,,Degiro Cash Sweep Transfer,,EUR,"-0,16",EUR,"8442,90",
17-05-2025,06:41,16-05-2025,,,FX Credit,,EUR,"0,16",EUR,"8443,06",
17-05-2025,06:41,16-05-2025,,,FX Withdrawal,"1,1191",USD,"-0,18",USD,"0,00",
16-05-2025,07:35,15-05-2025,INDUSTRIAL LOGISTICS PROPERTIES TRUST,US4562371066,Dywidenda,,USD,"0,21",USD,"0,18",
16-05-2025,07:35,15-05-2025,INDUSTRIAL LOGISTICS PROPERTIES TRUST,US4562371066,Podatek Dywidendowy,,USD,"-0,03",USD,"-0,03",
21-04-2025,03:51,21-04-2025,,,"Transfer to your Cash Account at flatexDEGIRO Bank: 50,76 EUR",,,,EUR,"8442,90",
21-04-2025,03:51,21-04-2025,,,Degiro Cash Sweep Transfer,,EUR,"-50,76",EUR,"8392,14",
19-04-2025,06:34,18-04-2025,,,FX Credit,,EUR,"50,76",EUR,"8442,90",
19-04-2025,06:34,18-04-2025,,,FX Withdrawal,"1,1422",USD,"-57,98",USD,"0,00",
18-04-2025,07:52,17-04-2025,ADR ON RIO TINTO PLC,US7672041008,ADR/GDR Pass-Through Fee,,USD,"-0,52",USD,"57,98",
18-04-2025,07:49,17-04-2025,ADR ON RIO TINTO PLC,US7672041008,Dywidenda,,USD,"58,50",USD,"58,50",
07-04-2025,20:01,07-04-2025,,,"Transfer to your Cash Account at flatexDEGIRO Bank: 731,7 EUR",,,,EUR,"8392,14",
07-04-2025,20:01,07-04-2025,,,Degiro Cash Sweep Transfer,,EUR,"-731,70",EUR,"7660,44",
07-04-2025,09:42,07-04-2025,BYD CO LTD,CNE100000296,DEGIRO Opłata Transakcyjna i/lub opłata stron trzecich,,EUR,"-3,90",EUR,"8392,14",4fae221f-e635-4144-baff-a268bf3b8bb6
07-04-2025,09:42,07-04-2025,BYD CO LTD,CNE100000296,"Sprzedaż 20 BYD Co Ltd@36,78 EUR (CNE100000296)",,EUR,"735,60",EUR,"8396,04",4fae221f-e635-4144-baff-a268bf3b8bb6
05-04-2025,23:51,31-03-2025,,,Flatex Interest Income,,PLN,"0,00",PLN,"0,00",
05-04-2025,10:31,31-03-2025,,,Flatex Interest Income,,EUR,"0,00",EUR,"7660,44",
28-03-2025,08:22,28-03-2025,,,"Transfer to your Cash Account at flatexDEGIRO Bank: 28,8 EUR",,,,EUR,"7660,44",
28-03-2025,08:22,28-03-2025,,,Degiro Cash Sweep Transfer,,EUR,"-28,80",EUR,"7631,64",
28-03-2025,06:52,27-03-2025,,,FX Credit,,EUR,"28,80",EUR,"7660,44",
28-03-2025,06:52,27-03-2025,,,FX Withdrawal,"1,0828",USD,"-31,19",USD,"0,00",
27-03-2025,07:30,26-03-2025,ISHARES EM DIVIDEND UCITS ETF USD (DIST),IE00B652H904,Dywidenda,,USD,"31,19",USD,"31,19",
19-03-2025,11:50,19-03-2025,,,"Transfer from your Cash Account at flatexDEGIRO Bank: 944,21 EUR",,,,EUR,"7631,64",
19-03-2025,11:50,19-03-2025,,,Degiro Cash Sweep Transfer,,EUR,"944,21",EUR,"8575,85",
19-03-2025,10:19,19-03-2025,BYD CO LTD,CNE100000296,DEGIRO Opłata Transakcyjna i/lub opłata stron trzecich,,EUR,"-3,90",EUR,"7631,64",2aa0f1e7-4c28-4861-a0b1-629392d0a20a
19-03-2025,10:19,19-03-2025,BYD CO LTD,CNE100000296,"Kupno 19 BYD Co Ltd@49,49 EUR (CNE100000296)",,EUR,"-940,31",EUR,"7635,54",2aa0f1e7-4c28-4861-a0b1-629392d0a20a
17-03-2025,04:26,17-03-2025,,,"Transfer to your Cash Account at flatexDEGIRO Bank: 3,88 EUR",,,,EUR,"8575,85",
17-03-2025,04:26,17-03-2025,,,Degiro Cash Sweep Transfer,,EUR,"-3,88",EUR,"8571,97",
15-03-2025,06:56,14-03-2025,,,FX Credit,,EUR,"3,88",EUR,"8575,85",
15-03-2025,06:56,14-03-2025,,,FX Withdrawal,"1,0906",USD,"-4,23",USD,"0,00",
14-03-2025,07:33,13-03-2025,MICROSOFT CORP,US5949181045,Podatek Dywidendowy,,USD,"-0,75",USD,"4,23",
14-03-2025,07:33,13-03-2025,MICROSOFT CORP,US5949181045,Dywidenda,,USD,"4,98",USD,"4,98",
24-02-2025,19:50,24-02-2025,,,Degiro Cash Sweep Transfer,,EUR,"-0,17",EUR,"8571,97",
24-02-2025,19:50,24-02-2025,,,"Transfer to your Cash Account at flatexDEGIRO Bank: 0,17 EUR",,,,EUR,"8572,14",
22-02-2025,07:03,21-02-2025,,,FX Credit,,EUR,"0,17",EUR,"8571,97",
22-02-2025,07:03,21-02-2025,,,FX Withdrawal,"1,0484",USD,"-0,18",USD,"0,00",
21-02-2025,07:02,20-02-2025,INDUSTRIAL LOGISTICS PROPERTIES TRUST,US4562371066,Dywidenda,,USD,"0,21",USD,"0,18",
21-02-2025,07:02,20-02-2025,INDUSTRIAL LOGISTICS PROPERTIES TRUST,US4562371066,Podatek Dywidendowy,,USD,"-0,03",USD,"-0,03",
13-02-2025,19:00,13-02-2025,,,"Transfer to your Cash Account at flatexDEGIRO Bank: 13,7 EUR",,,,EUR,"8571,80",
13-02-2025,19:00,13-02-2025,,,Degiro Cash Sweep Transfer,,EUR,"-13,70",EUR,"8558,10",
13-02-2025,06:53,12-02-2025,,,FX Credit,,EUR,"13,70",EUR,"8571,80",
13-02-2025,06:53,12-02-2025,,,FX Withdrawal,"1,4084",SG,"-19,29",SG,"0,00",
13-02-2025,04:54,12-02-2025,UBS MSCI SINGAPORE UCITS ETF SGD DIS,LU1169825954,Dywidenda,,SG,"19,29",SG,"19,29",
07-02-2025,03:01,06-02-2025,,,Transfer from your Cash Account at flatexDEGIRO Bank: 20 EUR,,,,EUR,"8558,10",
07-02-2025,03:01,06-02-2025,,,Degiro Cash Sweep Transfer,,EUR,"20,00",EUR,"8578,10",
06-02-2025,17:13,31-01-2025,,,DEGIRO Exchange Connection Fee 2025 (SIX Swiss Exchange (SWX) - SWX),,EUR,"-2,50",EUR,"8558,10",
06-02-2025,17:13,31-01-2025,,,DEGIRO Exchange Connection Fee 2025 (New York Stock Exchange - NSY),,EUR,"-2,50",EUR,"8560,60",
06-02-2025,17:13,31-01-2025,,,DEGIRO Exchange Connection Fee 2025 (Nasdaq - NDQ),,EUR,"-2,50",EUR,"8563,10",
06-02-2025,17:13,31-01-2025,,,DEGIRO Exchange Connection Fee 2025 (NYSE American - ASE),,EUR,"-2,50",EUR,"8565,60",
06-02-2025,17:13,31-01-2025,,,DEGIRO Exchange Connection Fee 2025 (London Stock Exchange (LSE) - LSE),,EUR,"-2,50",EUR,"8568,10",
06-02-2025,17:13,31-01-2025,,,DEGIRO Exchange Connection Fee 2025 (Tradegate AG - TDG),,EUR,"-2,50",EUR,"8570,60",
06-02-2025,17:13,31-01-2025,,,DEGIRO Exchange Connection Fee 2025 (Boerse Frankfurt - FRA),,EUR,"-2,50",EUR,"8573,10",
06-02-2025,17:13,31-01-2025,,,DEGIRO Exchange Connection Fee 2025 (Xetra - XET),,EUR,"-2,50",EUR,"8575,60",
11-01-2025,07:11,02-01-2025,,,Flatex Interest Income,,EUR,"0,00",EUR,"8578,10",
10-01-2025,01:21,02-01-2025,,,Flatex Interest Income,,PLN,"0,00",PLN,"0,00",
03-01-2025,03:50,02-01-2025,,,"Transfer to your Cash Account at flatexDEGIRO Bank: 54,79 EUR",,,,EUR,"8578,10",
03-01-2025,03:50,02-01-2025,FLATEX EURO BANKACCOUNT,NLFLATEXACNT,Degiro Cash Sweep Transfer,,EUR,"-54,79",EUR,"8523,31",
31-12-2024,08:11,30-12-2024,,,FX Credit,,EUR,"54,79",EUR,"8578,10",
31-12-2024,08:11,30-12-2024,,,FX Withdrawal,"1,0433",USD,"-57,16",USD,"0,00",
30-12-2024,07:39,27-12-2024,ISHARES EM DIVIDEND UCITS ETF USD (DIST),IE00B652H904,Dywidenda,,USD,"57,16",USD,"57,16",
17-12-2024,17:17,16-12-2024,,,"Transfer to your Cash Account at flatexDEGIRO Bank: 4,02 EUR",,,,EUR,"8523,31",
17-12-2024,17:17,16-12-2024,FLATEX EURO BANKACCOUNT,NLFLATEXACNT,Degiro Cash Sweep Transfer,,EUR,"-4,02",EUR,"8519,29",
14-12-2024,06:48,13-12-2024,,,FX Credit,,EUR,"4,02",EUR,"8523,31",
14-12-2024,06:48,13-12-2024,,,FX Withdrawal,"1,0527",USD,"-4,23",USD,"0,00",
13-12-2024,07:22,12-12-2024,MICROSOFT CORP,US5949181045,Dywidenda,,USD,"4,98",USD,"4,23",
13-12-2024,07:22,12-12-2024,MICROSOFT CORP,US5949181045,Podatek Dywidendowy,,USD,"-0,75",USD,"-0,75",
06-12-2024,19:15,06-12-2024,,,"Transfer to your Cash Account at flatexDEGIRO Bank: 0,11 EUR",,,,EUR,"8519,29",
06-12-2024,19:15,06-12-2024,FLATEX EURO BANKACCOUNT,NLFLATEXACNT,Degiro Cash Sweep Transfer,,EUR,"-0,11",EUR,"8519,18",
06-12-2024,06:51,05-12-2024,,,FX Credit,,EUR,"0,11",EUR,"8519,29",
06-12-2024,06:51,05-12-2024,,,FX Withdrawal,"1,0612",USD,"-0,12",USD,"0,00",
05-12-2024,08:11,16-11-2023,INDUSTRIAL LOGISTICS PROPERTIES TRUST,US4562371066,Capital Return,,USD,"0,21",USD,"0,12",
05-12-2024,08:11,16-11-2023,INDUSTRIAL LOGISTICS PROPERTIES TRUST,US4562371066,Dywidenda,,USD,"-0,21",USD,"-0,09",
05-12-2024,08:11,16-11-2023,INDUSTRIAL LOGISTICS PROPERTIES TRUST,US4562371066,Podatek Dywidendowy,,USD,"0,03",USD,"0,12",
05-12-2024,08:09,17-08-2023,INDUSTRIAL LOGISTICS PROPERTIES TRUST,US4562371066,Capital Return,,USD,"0,21",USD,"0,09",
05-12-2024,08:09,17-08-2023,INDUSTRIAL LOGISTICS PROPERTIES TRUST,US4562371066,Podatek Dywidendowy,,USD,"0,03",USD,"-0,12",
05-12-2024,08:09,17-08-2023,INDUSTRIAL LOGISTICS PROPERTIES TRUST,US4562371066,Dywidenda,,USD,"-0,21",USD,"-0,15",
05-12-2024,08:07,18-05-2023,INDUSTRIAL LOGISTICS PROPERTIES TRUST,US4562371066,Capital Return,,USD,"0,21",USD,"0,06",
05-12-2024,08:07,18-05-2023,INDUSTRIAL LOGISTICS PROPERTIES TRUST,US4562371066,Dywidenda,,USD,"-0,21",USD,"-0,15",
05-12-2024,08:07,18-05-2023,INDUSTRIAL LOGISTICS PROPERTIES TRUST,US4562371066,Podatek Dywidendowy,,USD,"0,03",USD,"0,06",
05-12-2024,08:06,16-02-2023,INDUSTRIAL LOGISTICS PROPERTIES TRUST,US4562371066,Capital Return,,USD,"0,21",USD,"0,03",
05-12-2024,08:06,16-02-2023,INDUSTRIAL LOGISTICS PROPERTIES TRUST,US4562371066,Podatek Dywidendowy,,USD,"0,03",USD,"-0,18",
05-12-2024,08:06,16-02-2023,INDUSTRIAL LOGISTICS PROPERTIES TRUST,US4562371066,Dywidenda,,USD,"-0,21",USD,"-0,21",
18-11-2024,20:00,18-11-2024,,,"Transfer to your Cash Account at flatexDEGIRO Bank: 0,17 EUR",,,,EUR,"8519,18",
18-11-2024,20:00,18-11-2024,FLATEX EURO BANKACCOUNT,NLFLATEXACNT,Degiro Cash Sweep Transfer,,EUR,"-0,17",EUR,"8519,01",
16-11-2024,06:57,15-11-2024,,,FX Credit,,EUR,"0,17",EUR,"8519,18",
16-11-2024,06:57,15-11-2024,,,FX Withdrawal,"1,0566",USD,"-0,18",USD,"0,00",
15-11-2024,07:25,14-11-2024,INDUSTRIAL LOGISTICS PROPERTIES TRUST,US4562371066,Podatek Dywidendowy,,USD,"-0,03",USD,"0,18",
15-11-2024,07:25,14-11-2024,INDUSTRIAL LOGISTICS PROPERTIES TRUST,US4562371066,Dywidenda,,USD,"0,21",USD,"0,21",
06-10-2024,18:53,30-09-2024,,,Flatex Interest Income,,PLN,"0,00",PLN,"0,00",
06-10-2024,11:51,30-09-2024,,,Flatex Interest Income,,EUR,"0,00",EUR,"8519,01",
27-09-2024,22:06,27-09-2024,,,"Transfer to your Cash Account at flatexDEGIRO Bank: 110,45 EUR",,,,EUR,"8519,01",
27-09-2024,22:06,27-09-2024,FLATEX EURO BANKACCOUNT,NLFLATEXACNT,Degiro Cash Sweep Transfer,,EUR,"-110,45",EUR,"8408,56",
27-09-2024,07:10,26-09-2024,,,FX Credit,,EUR,"110,45",EUR,"8519,01",
27-09-2024,07:10,26-09-2024,,,FX Withdrawal,"1,1205",USD,"-123,76",USD,"0,00",
27-09-2024,06:24,26-09-2024,ADR ON RIO TINTO PLC,US7672041008,Dywidenda,,USD,"46,02",USD,"123,76",
27-09-2024,06:24,26-09-2024,ADR ON RIO TINTO PLC,US7672041008,ADR/GDR Pass-Through Fee,,USD,"-0,13",USD,"77,74",
26-09-2024,07:12,25-09-2024,ISHARES EM DIVIDEND UCITS ETF USD (DIST),IE00B652H904,Dywidenda,,USD,"77,87",USD,"77,87",
16-09-2024,18:46,16-09-2024,,,"Transfer to your Cash Account at flatexDEGIRO Bank: 3,44 EUR",,,,EUR,"8408,56",
16-09-2024,18:46,16-09-2024,FLATEX EURO BANKACCOUNT,NLFLATEXACNT,Degiro Cash Sweep Transfer,,EUR,"-3,44",EUR,"8405,12",
14-09-2024,07:09,13-09-2024,,,FX Credit,,EUR,"3,44",EUR,"8408,56",
14-09-2024,07:09,13-09-2024,,,FX Withdrawal,"1,1103",USD,"-3,82",USD,"0,00",
13-09-2024,07:20,12-09-2024,MICROSOFT CORP,US5949181045,Dywidenda,,USD,"4,50",USD,"3,82",
13-09-2024,07:20,12-09-2024,MICROSOFT CORP,US5949181045,Podatek Dywidendowy,,USD,"-0,68",USD,"-0,68",
05-09-2024,17:16,05-09-2024,,,"Transfer to your Cash Account at flatexDEGIRO Bank: 3,83 EUR",,,,EUR,"8405,12",
05-09-2024,17:16,05-09-2024,FLATEX EURO BANKACCOUNT,NLFLATEXACNT,Degiro Cash Sweep Transfer,,EUR,"-3,83",EUR,"8401,29",
05-09-2024,06:45,04-09-2024,,,FX Credit,,EUR,"3,83",EUR,"8405,12",
05-09-2024,06:45,04-09-2024,,,FX Withdrawal,"1,1110",USD,"-4,25",USD,"0,00",
04-09-2024,07:19,03-09-2024,INTEL CORP,US4581401001,Dywidenda,,USD,"5,00",USD,"4,25",
04-09-2024,07:19,03-09-2024,INTEL CORP,US4581401001,Podatek Dywidendowy,,USD,"-0,75",USD,"-0,75",
19-08-2024,19:00,19-08-2024,,,"Transfer to your Cash Account at flatexDEGIRO Bank: 0,16 EUR",,,,EUR,"8401,29",
19-08-2024,19:00,19-08-2024,FLATEX EURO BANKACCOUNT,NLFLATEXACNT,Degiro Cash Sweep Transfer,,EUR,"-0,16",EUR,"8401,13",
17-08-2024,06:50,16-08-2024,,,FX Credit,,EUR,"0,16",EUR,"8401,29",
17-08-2024,06:50,16-08-2024,,,FX Withdrawal,"1,1054",USD,"-0,18",USD,"0,00",
16-08-2024,08:56,15-08-2024,INDUSTRIAL LOGISTICS PROPERTIES TRUST,US4562371066,Podatek Dywidendowy,,USD,"-0,03",USD,"0,18",
16-08-2024,08:56,15-08-2024,INDUSTRIAL LOGISTICS PROPERTIES TRUST,US4562371066,Dywidenda,,USD,"0,21",USD,"0,21",
14-08-2024,16:45,14-08-2024,,,"Transfer to your Cash Account at flatexDEGIRO Bank: 14,82 EUR",,,,EUR,"8401,13",
14-08-2024,16:45,14-08-2024,FLATEX EURO BANKACCOUNT,NLFLATEXACNT,Degiro Cash Sweep Transfer,,EUR,"-14,82",EUR,"8386,31",
14-08-2024,10:46,12-08-2024,,,"Transfer to your Cash Account at flatexDEGIRO Bank: 252,1 EUR",,,,EUR,"8401,13",
14-08-2024,10:46,12-08-2024,FLATEX EURO BANKACCOUNT,NLFLATEXACNT,Degiro Cash Sweep Transfer,,EUR,"-252,10",EUR,"8149,03",
14-08-2024,07:06,13-08-2024,,,FX Credit,,EUR,"14,82",EUR,"8401,13",
14-08-2024,07:06,13-08-2024,,,FX Withdrawal,"1,4523",SG,"-21,52",SG,"0,00",
14-08-2024,04:07,13-08-2024,UBS MSCI SINGAPORE UCITS ETF SGD DIS,LU1169825954,Dywidenda,,SG,"21,52",SG,"21,52",
12-08-2024,15:16,12-08-2024,WORLDLINE SA,FR0011981968,DEGIRO Opłata Transakcyjna i/lub opłata stron trzecich,,EUR,"-3,90",EUR,"8386,31",c4527f11-1b5a-4158-868c-b40141b25424
12-08-2024,15:16,12-08-2024,WORLDLINE SA,FR0011981968,Sprzedaż 32 Worldline SA@8 EUR (FR0011981968),,EUR,"256,00",EUR,"8390,21",c4527f11-1b5a-4158-868c-b40141b25424
31-07-2024,17:45,31-07-2024,,,"Transfer to your Cash Account at flatexDEGIRO Bank: 0,36 EUR",,,,EUR,"8134,21",
31-07-2024,17:45,31-07-2024,FLATEX EURO BANKACCOUNT,NLFLATEXACNT,Degiro Cash Sweep Transfer,,EUR,"-0,36",EUR,"8133,85",
31-07-2024,07:05,30-07-2024,,,FX Credit,,EUR,"0,36",EUR,"8134,21",
31-07-2024,07:05,30-07-2024,,,FX Withdrawal,"8,4742",HKD,"-3,07",HKD,"0,00",
30-07-2024,08:48,29-07-2024,BYD CO LTD,CNE100000296,Podatek Dywidendowy,,HKD,"-0,34",HKD,"3,07",
30-07-2024,08:48,29-07-2024,BYD CO LTD,CNE100000296,Dywidenda,,HKD,"3,41",HKD,"3,41",
11-07-2024,18:30,11-07-2024,,,"Transfer to your Cash Account at flatexDEGIRO Bank: 81,78 EUR",,,,EUR,"8133,85",
11-07-2024,18:30,11-07-2024,FLATEX EURO BANKACCOUNT,NLFLATEXACNT,Degiro Cash Sweep Transfer,,EUR,"-81,78",EUR,"8052,07",
11-07-2024,06:52,10-07-2024,,,FX Credit,,EUR,"81,78",EUR,"8133,85",
11-07-2024,06:52,10-07-2024,,,FX Withdrawal,"1,0857",USD,"-88,78",USD,"0,00",
10-07-2024,07:42,05-07-2024,NAK KAZATOMPROM AO,US63253R2013,Dywidenda,,USD,"88,78",USD,"88,78",
09-07-2024,06:41,30-06-2024,,,Flatex Interest Income,,PLN,"0,00",PLN,"0,00",
07-07-2024,01:01,30-06-2024,,,Flatex Interest Income,,EUR,"0,00",EUR,"8052,07",
27-06-2024,18:17,27-06-2024,FLATEX EURO BANKACCOUNT,NLFLATEXACNT,Degiro Cash Sweep Transfer,,EUR,"-78,08",EUR,"8052,07",
27-06-2024,18:17,27-06-2024,,,"Transfer to your Cash Account at flatexDEGIRO Bank: 78,08 EUR",,,,EUR,"8130,15",
27-06-2024,07:41,26-06-2024,,,FX Credit,,EUR,"78,08",EUR,"8052,07",
27-06-2024,07:41,26-06-2024,,,FX Withdrawal,"1,0707",USD,"-83,60",USD,"0,00",
27-06-2024,06:08,26-06-2024,ISHARES EM DIVIDEND UCITS ETF USD (DIST),IE00B652H904,Dywidenda,,USD,"83,60",USD,"83,60",
18-06-2024,18:46,18-06-2024,,,"Transfer from your Cash Account at flatexDEGIRO Bank: 3,56 EUR",,,,EUR,"7973,99",
18-06-2024,18:46,18-06-2024,FLATEX EURO BANKACCOUNT,NLFLATEXACNT,Degiro Cash Sweep Transfer,,EUR,"3,56",EUR,"7977,55",
18-06-2024,12:46,17-06-2024,,,"Transfer to your Cash Account at flatexDEGIRO Bank: 3,56 EUR",,,,EUR,"7973,99",
18-06-2024,12:46,17-06-2024,FLATEX EURO BANKACCOUNT,NLFLATEXACNT,Degiro Cash Sweep Transfer,,EUR,"-3,56",EUR,"7970,43",
18-06-2024,03:31,17-06-2024,,,"Transfer to your Cash Account at flatexDEGIRO Bank: 3,56 EUR",,,,EUR,"7973,99",
18-06-2024,03:31,17-06-2024,FLATEX EURO BANKACCOUNT,NLFLATEXACNT,Degiro Cash Sweep Transfer,,EUR,"-3,56",EUR,"7970,43",
15-06-2024,07:01,14-06-2024,,,FX Credit,,EUR,"3,56",EUR,"7973,99",
15-06-2024,07:01,14-06-2024,,,FX Withdrawal,"1,0730",USD,"-3,82",USD,"0,00",
14-06-2024,07:26,13-06-2024,MICROSOFT CORP,US5949181045,Dywidenda,,USD,"4,50",USD,"3,82",
14-06-2024,07:26,13-06-2024,MICROSOFT CORP,US5949181045,Podatek Dywidendowy,,USD,"-0,68",USD,"-0,68",
06-06-2024,18:17,06-06-2024,,,"Transfer to your Cash Account at flatexDEGIRO Bank: 3,9 EUR",,,,EUR,"7970,43",
06-06-2024,18:17,06-06-2024,FLATEX EURO BANKACCOUNT,NLFLATEXACNT,Degiro Cash Sweep Transfer,,EUR,"-3,90",EUR,"7966,53",
05-06-2024,07:08,04-06-2024,,,FX Credit,,EUR,"3,90",EUR,"7970,43",
05-06-2024,07:08,04-06-2024,,,FX Withdrawal,"1,0906",USD,"-4,25",USD,"0,00",
04-06-2024,07:40,03-06-2024,INTEL CORP,US4581401001,Dywidenda,,USD,"5,00",USD,"4,25",
04-06-2024,07:40,03-06-2024,INTEL CORP,US4581401001,Podatek Dywidendowy,,USD,"-0,75",USD,"-0,75",
24-05-2024,16:45,24-05-2024,,,"Transfer from your Cash Account at flatexDEGIRO Bank: 0,65 EUR",,,,EUR,"7966,53",
24-05-2024,16:45,24-05-2024,FLATEX EURO BANKACCOUNT,NLFLATEXACNT,Degiro Cash Sweep Transfer,,EUR,"0,65",EUR,"7967,18",
24-05-2024,06:37,23-05-2024,,,FX Withdrawal,,EUR,"-0,65",EUR,"7966,53",
24-05-2024,06:37,23-05-2024,,,FX Credit,"1,0788",USD,"0,70",USD,"0,00",
23-05-2024,09:10,22-05-2024,NAK KAZATOMPROM AO,US63253R2013,ADR/GDR Pass-Through Fee,,USD,"-0,70",USD,"-0,70",
20-05-2024,17:15,20-05-2024,,,"Transfer to your Cash Account at flatexDEGIRO Bank: 0,17 EUR",,,,EUR,"7967,18",
20-05-2024,17:15,20-05-2024,FLATEX EURO BANKACCOUNT,NLFLATEXACNT,Degiro Cash Sweep Transfer,,EUR,"-0,17",EUR,"7967,01",
18-05-2024,07:29,17-05-2024,,,FX Credit,,EUR,"0,17",EUR,"7967,18",
18-05-2024,07:29,17-05-2024,,,FX Withdrawal,"1,0897",USD,"-0,18",USD,"0,00",
17-05-2024,05:50,16-05-2024,INDUSTRIAL LOGISTICS PROPERTIES TRUST,US4562371066,Podatek Dywidendowy,,USD,"-0,03",USD,"0,18",
17-05-2024,05:50,16-05-2024,INDUSTRIAL LOGISTICS PROPERTIES TRUST,US4562371066,Dywidenda,,USD,"0,21",USD,"0,21",
22-04-2024,16:45,22-04-2024,,,"Transfer to your Cash Account at flatexDEGIRO Bank: 62,67 EUR",,,,EUR,"7967,01",
22-04-2024,16:45,22-04-2024,FLATEX EURO BANKACCOUNT,NLFLATEXACNT,Degiro Cash Sweep Transfer,,EUR,"-62,67",EUR,"7904,34",
20-04-2024,06:58,19-04-2024,,,FX Credit,,EUR,"62,67",EUR,"7967,01",
20-04-2024,06:58,19-04-2024,,,FX Withdrawal,"1,0683",USD,"-66,95",USD,"0,00",
19-04-2024,07:26,18-04-2024,ADR ON RIO TINTO PLC,US7672041008,ADR/GDR Pass-Through Fee,,USD,"-0,13",USD,"66,95",
19-04-2024,07:26,18-04-2024,ADR ON RIO TINTO PLC,US7672041008,Dywidenda,,USD,"67,08",USD,"67,08",
07-04-2024,13:01,31-03-2024,,,Flatex Interest Income,,EUR,"0,00",EUR,"7904,34",
06-04-2024,06:20,31-03-2024,,,Flatex Interest Income,,PLN,"0,00",PLN,"0,00",
03-04-2024,10:02,01-04-2024,,,"Transfer to your Cash Account at flatexDEGIRO Bank: 16,94 EUR",,,,EUR,"7904,34",
03-04-2024,10:02,01-04-2024,FLATEX EURO BANKACCOUNT,NLFLATEXACNT,Degiro Cash Sweep Transfer,,EUR,"-16,94",EUR,"7887,40",
29-03-2024,08:00,28-03-2024,,,FX Credit,,EUR,"16,94",EUR,"7904,34",
29-03-2024,08:00,28-03-2024,,,FX Withdrawal,"1,0816",USD,"-18,32",USD,"0,00",
28-03-2024,08:12,27-03-2024,ISHARES EM DIVIDEND UCITS ETF USD (DIST),IE00B652H904,Dywidenda,,USD,"18,32",USD,"18,32",
18-03-2024,18:15,18-03-2024,,,"Transfer to your Cash Account at flatexDEGIRO Bank: 3,5 EUR",,,,EUR,"7887,40",
18-03-2024,18:15,18-03-2024,FLATEX EURO BANKACCOUNT,NLFLATEXACNT,Degiro Cash Sweep Transfer,,EUR,"-3,50",EUR,"7883,90",
16-03-2024,06:51,15-03-2024,,,FX Credit,,EUR,"3,50",EUR,"7887,40",
16-03-2024,06:51,15-03-2024,,,FX Withdrawal,"1,0916",USD,"-3,82",USD,"0,00",
15-03-2024,06:46,14-03-2024,MICROSOFT CORP,US5949181045,Dywidenda,,USD,"4,50",USD,"3,82",
15-03-2024,06:46,14-03-2024,MICROSOFT CORP,US5949181045,Podatek Dywidendowy,,USD,"-0,68",USD,"-0,68",
06-03-2024,00:30,05-03-2024,,,"Transfer to your Cash Account at flatexDEGIRO Bank: 3,91 EUR",,,,EUR,"7883,90",
06-03-2024,00:30,05-03-2024,FLATEX EURO BANKACCOUNT,NLFLATEXACNT,Degiro Cash Sweep Transfer,,EUR,"-3,91",EUR,"7879,99",
05-03-2024,07:42,04-03-2024,,,FX Credit,,EUR,"3,91",EUR,"7883,90",
05-03-2024,07:42,04-03-2024,,,FX Withdrawal,"1,0883",USD,"-4,25",USD,"0,00",
04-03-2024,07:38,01-03-2024,INTEL CORP,US4581401001,Dywidenda,,USD,"5,00",USD,"4,25",
04-03-2024,07:38,01-03-2024,INTEL CORP,US4581401001,Podatek Dywidendowy,,USD,"-0,75",USD,"-0,75",
16-02-2024,17:15,16-02-2024,,,"Transfer to your Cash Account at flatexDEGIRO Bank: 0,17 EUR",,,,EUR,"7879,99",
16-02-2024,17:15,16-02-2024,FLATEX EURO BANKACCOUNT,NLFLATEXACNT,Degiro Cash Sweep Transfer,,EUR,"-0,17",EUR,"7879,82",
16-02-2024,07:41,15-02-2024,,,FX Credit,,EUR,"0,17",EUR,"7879,99",
16-02-2024,07:41,15-02-2024,,,FX Withdrawal,"1,0798",USD,"-0,18",USD,"0,00",
16-02-2024,04:50,15-02-2024,INDUSTRIAL LOGISTICS PROPERTIES TRUST,US4562371066,Podatek Dywidendowy,,USD,"-0,03",USD,"0,18",
16-02-2024,04:50,15-02-2024,INDUSTRIAL LOGISTICS PROPERTIES TRUST,US4562371066,Dywidenda,,USD,"0,21",USD,"0,21",
08-02-2024,17:15,08-02-2024,,,"Transfer to your Cash Account at flatexDEGIRO Bank: 13,91 EUR",,,,EUR,"7879,82",
08-02-2024,17:15,08-02-2024,FLATEX EURO BANKACCOUNT,NLFLATEXACNT,Degiro Cash Sweep Transfer,,EUR,"-13,91",EUR,"7865,91",
08-02-2024,07:32,07-02-2024,,,FX Credit,,EUR,"13,91",EUR,"7879,82",
08-02-2024,07:32,07-02-2024,,,FX Withdrawal,"1,4486",SG,"-20,15",SG,"0,00",
08-02-2024,05:56,07-02-2024,UBS MSCI SINGAPORE UCITS ETF SGD DIS,LU1169825954,Dywidenda,,SG,"20,15",SG,"20,15",
07-02-2024,17:15,07-02-2024,,,"Transfer to your Cash Account at flatexDEGIRO Bank: 206,13 EUR",,,,EUR,"7865,91",
07-02-2024,17:15,07-02-2024,FLATEX EURO BANKACCOUNT,NLFLATEXACNT,Degiro Cash Sweep Transfer,,EUR,"-206,13",EUR,"7659,78",
07-02-2024,11:03,07-02-2024,SUNRUN INC,US86771W1053,DEGIRO Opłata Transakcyjna i/lub opłata stron trzecich,,EUR,"-3,90",EUR,"7865,91",d4fa7a74-0164-4fcd-a1d8-ebe6cd6908f5
07-02-2024,11:03,07-02-2024,SUNRUN INC,US86771W1053,"Sprzedaż 15 Sunrun Inc@14,002 EUR (US86771W1053)",,EUR,"210,03",EUR,"7869,81",d4fa7a74-0164-4fcd-a1d8-ebe6cd6908f5
05-02-2024,22:45,05-02-2024,,,Transfer from your Cash Account at flatexDEGIRO Bank: 20 EUR,,,,EUR,"7659,78",
05-02-2024,22:45,05-02-2024,FLATEX EURO BANKACCOUNT,NLFLATEXACNT,Degiro Cash Sweep Transfer,,EUR,"20,00",EUR,"7679,78",
05-02-2024,07:17,31-01-2024,,,DEGIRO Exchange Connection Fee 2024 (SIX Swiss Exchange (SWX) - SWX),,EUR,"-2,50",EUR,"7659,78",
05-02-2024,07:17,31-01-2024,,,DEGIRO Exchange Connection Fee 2024 (New York Stock Exchange - NSY),,EUR,"-2,50",EUR,"7662,28",
05-02-2024,07:17,31-01-2024,,,DEGIRO Exchange Connection Fee 2024 (Nasdaq - NDQ),,EUR,"-2,50",EUR,"7664,78",
05-02-2024,07:17,31-01-2024,,,DEGIRO Exchange Connection Fee 2024 (NYSE American - ASE),,EUR,"-2,50",EUR,"7667,28",
05-02-2024,07:17,31-01-2024,,,DEGIRO Exchange Connection Fee 2024 (London Stock Exchange (LSE) - LSE),,EUR,"-2,50",EUR,"7669,78",
05-02-2024,07:17,31-01-2024,,,DEGIRO Exchange Connection Fee 2024 (Tradegate AG - TDG),,EUR,"-2,50",EUR,"7672,28",
05-02-2024,07:17,31-01-2024,,,DEGIRO Exchange Connection Fee 2024 (Boerse Frankfurt - FRA),,EUR,"-2,50",EUR,"7674,78",
05-02-2024,07:17,31-01-2024,,,DEGIRO Exchange Connection Fee 2024 (Xetra - XET),,EUR,"-2,50",EUR,"7677,28",
09-01-2024,10:17,08-01-2024,,,"Transfer to your Cash Account at flatexDEGIRO Bank: 357,1 EUR",,,,EUR,"7679,78",
09-01-2024,10:17,08-01-2024,FLATEX EURO BANKACCOUNT,NLFLATEXACNT,Degiro Cash Sweep Transfer,,EUR,"-357,10",EUR,"7322,68",
08-01-2024,19:34,08-01-2024,SOLAREDGE TECHNOLOGIES INC,US83417M1045,DEGIRO Opłata Transakcyjna i/lub opłata stron trzecich,,EUR,"-3,90",EUR,"7679,78",8ac10c95-6a19-4885-bba0-b8c5115f77c4
08-01-2024,19:34,08-01-2024,SOLAREDGE TECHNOLOGIES INC,US83417M1045,"Sprzedaż 5 Solaredge Technologies Inc@72,2 EUR (US83417M1045)",,EUR,"361,00",EUR,"7683,68",8ac10c95-6a19-4885-bba0-b8c5115f77c4
02-01-2024,17:51,02-01-2024,,,Flatex Interest Income,,EUR,"0,00",EUR,"7322,68",
02-01-2024,14:48,01-01-2024,,,"Transfer to your Cash Account at flatexDEGIRO Bank: 28,31 EUR",,,,EUR,"7322,68",
02-01-2024,14:48,01-01-2024,FLATEX EURO BANKACCOUNT,NLFLATEXACNT,Degiro Cash Sweep Transfer,,EUR,"-28,31",EUR,"7294,37",
31-12-2023,07:30,29-12-2023,,,FX Credit,,EUR,"28,31",EUR,"7322,68",
31-12-2023,07:30,29-12-2023,,,FX Withdrawal,"1,1066",USD,"-31,33",USD,"0,00",
31-12-2023,00:34,29-12-2023,ISHARES EM DIVIDEND UCITS ETF USD (DIST),IE00B652H904,Dywidenda,,USD,"31,33",USD,"31,33",
20-12-2023,17:32,20-12-2023,,,"Transfer to your Cash Account at flatexDEGIRO Bank: 771,27 EUR",,,,EUR,"7294,37",
20-12-2023,17:32,20-12-2023,FLATEX EURO BANKACCOUNT,NLFLATEXACNT,Degiro Cash Sweep Transfer,,EUR,"-771,27",EUR,"6523,10",
20-12-2023,14:58,20-12-2023,YARA INTERNATIONAL ASA,NO0010208051,FX Withdrawal,"11,3101",NO,"-8750,40",NO,"0,00",7c4df2ab-50fd-4634-bd28-d7c1c4c46b6a
20-12-2023,14:58,20-12-2023,YARA INTERNATIONAL ASA,NO0010208051,FX Credit,,EUR,"773,68",EUR,"7294,37",7c4df2ab-50fd-4634-bd28-d7c1c4c46b6a
20-12-2023,14:58,20-12-2023,YARA INTERNATIONAL ASA,NO0010208051,DEGIRO Opłata Transakcyjna i/lub opłata stron trzecich,,EUR,"-4,90",EUR,"6520,69",7c4df2ab-50fd-4634-bd28-d7c1c4c46b6a
20-12-2023,14:58,20-12-2023,YARA INTERNATIONAL ASA,NO0010208051,"Sprzedaż 24 Yara International ASA@364,6 NOK (NO0010208051)",,NO,"8750,40",NO,"8750,40",7c4df2ab-50fd-4634-bd28-d7c1c4c46b6a
20-12-2023,10:17,19-12-2023,,,"Transfer to your Cash Account at flatexDEGIRO Bank: 3 671,81 EUR",,,,EUR,"6525,59",
20-12-2023,10:17,19-12-2023,FLATEX EURO BANKACCOUNT,NLFLATEXACNT,Degiro Cash Sweep Transfer,,EUR,"-3671,81",EUR,"2853,78",
20-12-2023,06:57,19-12-2023,,,FX Credit,,EUR,"2,49",EUR,"6525,59",
20-12-2023,06:57,19-12-2023,,,FX Withdrawal,"1,1008",USD,"-2,74",USD,"0,00",
19-12-2023,19:17,19-12-2023,,,"Transfer to your Cash Account at flatexDEGIRO Bank: 5,47 EUR",,,,EUR,"6523,10",
19-12-2023,19:17,19-12-2023,FLATEX EURO BANKACCOUNT,NLFLATEXACNT,Degiro Cash Sweep Transfer,,EUR,"-5,47",EUR,"6517,63",
19-12-2023,17:31,19-12-2023,CAMECO CORP,CA13321L1085,FX Withdrawal,"1,1004",USD,"-4042,83",USD,"2,74",22fa766e-0f97-41c5-98b8-8eba69b19b2c
19-12-2023,17:31,19-12-2023,CAMECO CORP,CA13321L1085,FX Credit,,EUR,"3673,81",EUR,"6523,10",22fa766e-0f97-41c5-98b8-8eba69b19b2c
19-12-2023,17:31,19-12-2023,CAMECO CORP,CA13321L1085,DEGIRO Opłata Transakcyjna i/lub opłata stron trzecich,,EUR,"-2,00",EUR,"2849,29",22fa766e-0f97-41c5-98b8-8eba69b19b2c
19-12-2023,17:31,19-12-2023,CAMECO CORP,CA13321L1085,"Sprzedaż 89 Cameco Corp@45,425 USD (CA13321L1085)",,USD,"4042,82",USD,"4045,57",22fa766e-0f97-41c5-98b8-8eba69b19b2c
19-12-2023,14:47,18-12-2023,,,"Transfer to your Cash Account at flatexDEGIRO Bank: 752,08 EUR",,,,EUR,"2851,29",
19-12-2023,14:47,18-12-2023,FLATEX EURO BANKACCOUNT,NLFLATEXACNT,Degiro Cash Sweep Transfer,,EUR,"-752,08",EUR,"2099,21",
19-12-2023,09:26,17-11-2022,INDUSTRIAL LOGISTICS PROPERTIES TRUST,US4562371066,Capital Return,,USD,"0,21",USD,"2,75",
19-12-2023,09:26,17-11-2022,INDUSTRIAL LOGISTICS PROPERTIES TRUST,US4562371066,Podatek Dywidendowy,,USD,"0,03",USD,"2,54",
19-12-2023,09:26,17-11-2022,INDUSTRIAL LOGISTICS PROPERTIES TRUST,US4562371066,Dywidenda,,USD,"-0,21",USD,"2,51",
19-12-2023,09:26,18-08-2022,INDUSTRIAL LOGISTICS PROPERTIES TRUST,US4562371066,Capital Return,,USD,"0,21",USD,"2,72",
19-12-2023,09:26,18-08-2022,INDUSTRIAL LOGISTICS PROPERTIES TRUST,US4562371066,Dywidenda,,USD,"-0,21",USD,"2,51",
19-12-2023,09:26,18-08-2022,INDUSTRIAL LOGISTICS PROPERTIES TRUST,US4562371066,Podatek Dywidendowy,,USD,"0,03",USD,"2,72",
19-12-2023,09:26,19-05-2022,INDUSTRIAL LOGISTICS PROPERTIES TRUST,US4562371066,Capital Return,,USD,"6,93",USD,"2,69",
19-12-2023,09:26,19-05-2022,INDUSTRIAL LOGISTICS PROPERTIES TRUST,US4562371066,Dywidenda,,USD,"-6,93",USD,"-4,24",
19-12-2023,09:26,19-05-2022,INDUSTRIAL LOGISTICS PROPERTIES TRUST,US4562371066,Podatek Dywidendowy,,USD,"1,04",USD,"2,69",
19-12-2023,09:25,17-02-2022,INDUSTRIAL LOGISTICS PROPERTIES TRUST,US4562371066,QIE Distribution Capital Gain,,USD,"0,10",USD,"1,65",
19-12-2023,09:25,17-02-2022,INDUSTRIAL LOGISTICS PROPERTIES TRUST,US4562371066,QIE Distribution Capital Gain Tax,,USD,"-0,02",USD,"1,55",
19-12-2023,09:25,17-02-2022,INDUSTRIAL LOGISTICS PROPERTIES TRUST,US4562371066,Capital Return,,USD,"5,46",USD,"1,57",
19-12-2023,09:25,17-02-2022,INDUSTRIAL LOGISTICS PROPERTIES TRUST,US4562371066,Dywidenda,,USD,"1,37",USD,"-3,89",
19-12-2023,09:25,17-02-2022,INDUSTRIAL LOGISTICS PROPERTIES TRUST,US4562371066,Podatek Dywidendowy,,USD,"-0,41",USD,"-5,26",
19-12-2023,09:25,17-02-2022,INDUSTRIAL LOGISTICS PROPERTIES TRUST,US4562371066,Dywidenda,,USD,"-6,93",USD,"-4,85",
19-12-2023,09:25,17-02-2022,INDUSTRIAL LOGISTICS PROPERTIES TRUST,US4562371066,Podatek Dywidendowy,,USD,"2,08",USD,"2,08",
19-12-2023,07:30,18-12-2023,,,FX Credit,,EUR,"5,47",EUR,"2851,29",
19-12-2023,07:30,18-12-2023,,,FX Withdrawal,"1,4649",CAD,"-8,01",CAD,"0,00",
18-12-2023,20:17,18-12-2023,,,"Transfer from your Cash Account at flatexDEGIRO Bank: 1 193,51 EUR",,,,EUR,"2845,82",
18-12-2023,20:17,18-12-2023,FLATEX EURO BANKACCOUNT,NLFLATEXACNT,Degiro Cash Sweep Transfer,,EUR,"1193,51",EUR,"4039,33",
18-12-2023,16:02,15-12-2023,,,"Transfer from your Cash Account at flatexDEGIRO Bank: 752,08 EUR",,,,EUR,"2845,82",
18-12-2023,16:02,15-12-2023,FLATEX EURO BANKACCOUNT,NLFLATEXACNT,Degiro Cash Sweep Transfer,,EUR,"752,08",EUR,"3597,90",
18-12-2023,08:00,18-12-2023,SOLAREDGE TECHNOLOGIES INC,US83417M1045,DEGIRO Opłata Transakcyjna i/lub opłata stron trzecich,,EUR,"-3,90",EUR,"2845,82",d2f4f347-3e90-4fff-9414-0d2182bb5b0e
18-12-2023,08:00,18-12-2023,SOLAREDGE TECHNOLOGIES INC,US83417M1045,"Kupno 5 Solaredge Technologies Inc@88,2 EUR (US83417M1045)",,EUR,"-441,00",EUR,"2849,72",d2f4f347-3e90-4fff-9414-0d2182bb5b0e
18-12-2023,07:01,15-12-2023,CAMECO CORP,CA13321L1085,Dywidenda,,CAD,"10,68",CAD,"8,01",
18-12-2023,07:01,15-12-2023,CAMECO CORP,CA13321L1085,Podatek Dywidendowy,,CAD,"-2,67",CAD,"-2,67",
17-12-2023,08:01,15-12-2023,,,FX Credit,,EUR,"3,47",EUR,"3290,72",
17-12-2023,08:01,15-12-2023,,,FX Withdrawal,"1,1021",USD,"-3,82",USD,"0,00",
15-12-2023,09:33,15-12-2023,SUNRUN INC,US86771W1053,DEGIRO Opłata Transakcyjna i/lub opłata stron trzecich,,EUR,"-3,90",EUR,"3287,25",ae05ccfd-fa5b-4812-907d-ebecf2fdd93c
15-12-2023,09:33,15-12-2023,SUNRUN INC,US86771W1053,"Kupno 15 Sunrun Inc@16,346 EUR (US86771W1053)",,EUR,"-245,19",EUR,"3291,15",ae05ccfd-fa5b-4812-907d-ebecf2fdd93c
15-12-2023,09:21,15-12-2023,WORLDLINE SA,FR0011981968,DEGIRO Opłata Transakcyjna i/lub opłata stron trzecich,,EUR,"-3,90",EUR,"3536,34",a6a9d796-f650-4a9e-a967-3d60fd5f62d4
15-12-2023,09:21,15-12-2023,WORLDLINE SA,FR0011981968,Francuski podatek od transakcji,,EUR,"-1,49",EUR,"3540,24",a6a9d796-f650-4a9e-a967-3d60fd5f62d4
15-12-2023,09:21,15-12-2023,WORLDLINE SA,FR0011981968,"Kupno 32 Worldline SA@15,55 EUR (FR0011981968)",,EUR,"-497,60",EUR,"3541,73",a6a9d796-f650-4a9e-a967-3d60fd5f62d4
15-12-2023,06:42,14-12-2023,MICROSOFT CORP,US5949181045,Dywidenda,,USD,"4,50",USD,"3,82",
15-12-2023,06:42,14-12-2023,MICROSOFT CORP,US5949181045,Podatek Dywidendowy,,USD,"-0,68",USD,"-0,68",
05-12-2023,16:47,05-12-2023,,,"Transfer to your Cash Account at flatexDEGIRO Bank: 3,91 EUR",,,,EUR,"4039,33",
05-12-2023,16:47,05-12-2023,FLATEX EURO BANKACCOUNT,NLFLATEXACNT,Degiro Cash Sweep Transfer,,EUR,"-3,91",EUR,"4035,42",
05-12-2023,08:10,04-12-2023,,,FX Credit,,EUR,"3,91",EUR,"4039,33",
05-12-2023,08:10,04-12-2023,,,FX Withdrawal,"1,0864",USD,"-4,25",USD,"0,00",
04-12-2023,07:38,01-12-2023,INTEL CORP,US4581401001,Dywidenda,,USD,"5,00",USD,"4,25",
04-12-2023,07:38,01-12-2023,INTEL CORP,US4581401001,Podatek Dywidendowy,,USD,"-0,75",USD,"-0,75",
20-11-2023,17:32,20-11-2023,,,"Transfer to your Cash Account at flatexDEGIRO Bank: 0,16 EUR",,,,EUR,"4035,42",
20-11-2023,17:32,20-11-2023,FLATEX EURO BANKACCOUNT,NLFLATEXACNT,Degiro Cash Sweep Transfer,,EUR,"-0,16",EUR,"4035,26",
18-11-2023,08:19,17-11-2023,,,FX Credit,,EUR,"0,16",EUR,"4035,42",
18-11-2023,08:19,17-11-2023,,,FX Withdrawal,"1,0942",USD,"-0,18",USD,"0,00",
17-11-2023,07:43,16-11-2023,INDUSTRIAL LOGISTICS PROPERTIES TRUST,US4562371066,Dywidenda,,USD,"0,21",USD,"0,18",
17-11-2023,07:43,16-11-2023,INDUSTRIAL LOGISTICS PROPERTIES TRUST,US4562371066,Podatek Dywidendowy,,USD,"-0,03",USD,"-0,03",
11-10-2023,16:17,11-10-2023,,,"Transfer to your Cash Account at flatexDEGIRO Bank: 12,3 EUR",,,,EUR,"4035,26",
11-10-2023,16:17,11-10-2023,FLATEX EURO BANKACCOUNT,NLFLATEXACNT,Degiro Cash Sweep Transfer,,EUR,"-12,30",EUR,"4022,96",
11-10-2023,07:29,10-10-2023,,,FX Credit,,EUR,"12,30",EUR,"4035,26",
11-10-2023,07:29,10-10-2023,,,FX Withdrawal,"1,0632",USD,"-13,08",USD,"0,00",
10-10-2023,07:50,06-10-2023,ADR ON SIBANYE STILLWATER LTD,US82575P1075,Dywidenda,,USD,"16,35",USD,"13,08",
10-10-2023,07:50,06-10-2023,ADR ON SIBANYE STILLWATER LTD,US82575P1075,Podatek Dywidendowy,,USD,"-3,27",USD,"-3,27",
03-10-2023,05:41,30-09-2023,,,Flatex Interest Income,,EUR,"0,00",EUR,"4022,96",
29-09-2023,18:52,29-09-2023,,,"Transfer to your Cash Account at flatexDEGIRO Bank: 72,96 EUR",,,,EUR,"4022,96",
29-09-2023,18:52,29-09-2023,FLATEX EURO BANKACCOUNT,NLFLATEXACNT,Degiro Cash Sweep Transfer,,EUR,"-72,96",EUR,"3950,00",
29-09-2023,08:08,28-09-2023,,,FX Credit,,EUR,"72,96",EUR,"4022,96",
29-09-2023,08:08,28-09-2023,,,FX Withdrawal,"1,0592",USD,"-77,28",USD,"0,00",
28-09-2023,07:46,27-09-2023,ISHARES EM DIVIDEND UCITS ETF USD (DIST),IE00B652H904,Dywidenda,,USD,"77,28",USD,"77,28",
26-09-2023,19:05,26-09-2023,,,"Transfer to your Cash Account at flatexDEGIRO Bank: 42,97 EUR",,,,EUR,"3950,00",
26-09-2023,19:05,26-09-2023,FLATEX EURO BANKACCOUNT,NLFLATEXACNT,Degiro Cash Sweep Transfer,,EUR,"-42,97",EUR,"3907,03",
24-09-2023,07:41,22-09-2023,,,FX Credit,,EUR,"42,97",EUR,"3950,00",
24-09-2023,07:41,22-09-2023,,,FX Withdrawal,"1,0680",USD,"-45,89",USD,"0,00",
22-09-2023,07:29,21-09-2023,ADR ON RIO TINTO PLC,US7672041008,Dywidenda,,USD,"46,02",USD,"45,89",
22-09-2023,07:29,21-09-2023,ADR ON RIO TINTO PLC,US7672041008,ADR/GDR Pass-Through Fee,,USD,"-0,13",USD,"-0,13",
18-09-2023,19:35,18-09-2023,,,"Transfer to your Cash Account at flatexDEGIRO Bank: 3,25 EUR",,,,EUR,"3907,03",
18-09-2023,19:35,18-09-2023,FLATEX EURO BANKACCOUNT,NLFLATEXACNT,Degiro Cash Sweep Transfer,,EUR,"-3,25",EUR,"3903,78",
16-09-2023,07:42,15-09-2023,,,FX Credit,,EUR,"3,25",EUR,"3907,03",
16-09-2023,07:42,15-09-2023,,,FX Withdrawal,"1,0684",USD,"-3,47",USD,"0,00",
15-09-2023,07:29,14-09-2023,MICROSOFT CORP,US5949181045,Dywidenda,,USD,"4,08",USD,"3,47",
15-09-2023,07:29,14-09-2023,MICROSOFT CORP,US5949181045,Podatek Dywidendowy,,USD,"-0,61",USD,"-0,61",
05-09-2023,16:50,05-09-2023,,,"Transfer to your Cash Account at flatexDEGIRO Bank: 3,93 EUR",,,,EUR,"3903,78",
05-09-2023,16:50,05-09-2023,FLATEX EURO BANKACCOUNT,NLFLATEXACNT,Degiro Cash Sweep Transfer,,EUR,"-3,93",EUR,"3899,85",
05-09-2023,07:35,04-09-2023,,,FX Credit,,EUR,"3,93",EUR,"3903,78",
05-09-2023,07:35,04-09-2023,,,FX Withdrawal,"1,0823",USD,"-4,25",USD,"0,00",
04-09-2023,07:17,01-09-2023,INTEL CORP,US4581401001,Dywidenda,,USD,"5,00",USD,"4,25",
04-09-2023,07:17,01-09-2023,INTEL CORP,US4581401001,Podatek Dywidendowy,,USD,"-0,75",USD,"-0,75",
18-08-2023,16:50,18-08-2023,,,"Transfer to your Cash Account at flatexDEGIRO Bank: 0,17 EUR",,,,EUR,"3899,85",
18-08-2023,16:50,18-08-2023,FLATEX EURO BANKACCOUNT,NLFLATEXACNT,Degiro Cash Sweep Transfer,,EUR,"-0,17",EUR,"3899,68",
18-08-2023,08:55,17-08-2023,,,FX Credit,,EUR,"0,17",EUR,"3899,85",
18-08-2023,08:55,17-08-2023,,,FX Withdrawal,"1,0899",USD,"-0,18",USD,"0,00",
18-08-2023,04:25,17-08-2023,INDUSTRIAL LOGISTICS PROPERTIES TRUST,US4562371066,Dywidenda,,USD,"0,21",USD,"0,18",
18-08-2023,04:25,17-08-2023,INDUSTRIAL LOGISTICS PROPERTIES TRUST,US4562371066,Podatek Dywidendowy,,USD,"-0,03",USD,"-0,03",
14-08-2023,16:20,14-08-2023,,,"Transfer to your Cash Account at flatexDEGIRO Bank: 14,61 EUR",,,,EUR,"3899,68",
14-08-2023,16:20,14-08-2023,FLATEX EURO BANKACCOUNT,NLFLATEXACNT,Degiro Cash Sweep Transfer,,EUR,"-14,61",EUR,"3885,07",
12-08-2023,07:34,11-08-2023,,,FX Credit,,EUR,"14,61",EUR,"3899,68",
12-08-2023,07:34,11-08-2023,,,FX Withdrawal,"1,4821",SG,"-21,65",SG,"0,00",
12-08-2023,04:33,11-08-2023,UBS MSCI SINGAPORE UCITS ETF SGD DIS,LU1169825954,Dywidenda,,SG,"21,65",SG,"21,65",
02-08-2023,17:35,02-08-2023,,,"Transfer to your Cash Account at flatexDEGIRO Bank: 55,31 EUR",,,,EUR,"3885,07",
02-08-2023,17:35,02-08-2023,FLATEX EURO BANKACCOUNT,NLFLATEXACNT,Degiro Cash Sweep Transfer,,EUR,"-55,31",EUR,"3829,76",
02-08-2023,07:36,01-08-2023,,,FX Credit,,EUR,"55,31",EUR,"3885,07",
02-08-2023,07:36,01-08-2023,,,FX Withdrawal,"1,1012",USD,"-60,90",USD,"0,00",
01-08-2023,17:19,01-08-2023,,,"Transfer to your Cash Account at flatexDEGIRO Bank: 0,13 EUR",,,,EUR,"3829,76",
01-08-2023,17:19,01-08-2023,FLATEX EURO BANKACCOUNT,NLFLATEXACNT,Degiro Cash Sweep Transfer,,EUR,"-0,13",EUR,"3829,63",
01-08-2023,08:45,26-07-2023,NAK KAZATOMPROM AO,US63253R2013,Dywidenda,,USD,"60,90",USD,"60,90",
01-08-2023,07:35,31-07-2023,,,FX Credit,,EUR,"0,13",EUR,"3829,76",
01-08-2023,07:35,31-07-2023,,,FX Withdrawal,"8,5849",HKD,"-1,13",HKD,"0,00",
31-07-2023,08:57,28-07-2023,BYD CO LTD,CNE100000296,Dywidenda,,HKD,"1,26",HKD,"1,13",
31-07-2023,08:57,28-07-2023,BYD CO LTD,CNE100000296,Podatek Dywidendowy,,HKD,"-0,13",HKD,"-0,13",
02-07-2023,22:13,30-06-2023,,,Flatex Interest Income,,EUR,"0,00",EUR,"3829,63",
30-06-2023,19:07,30-06-2023,,,"Transfer to your Cash Account at flatexDEGIRO Bank: 130,38 EUR",,,,EUR,"3829,63",
30-06-2023,19:07,30-06-2023,FLATEX EURO BANKACCOUNT,NLFLATEXACNT,Degiro Cash Sweep Transfer,,EUR,"-130,38",EUR,"3699,25",
30-06-2023,07:49,29-06-2023,,,FX Credit,,EUR,"130,38",EUR,"3829,63",
30-06-2023,07:49,29-06-2023,,,FX Withdrawal,"1,0892",USD,"-142,01",USD,"0,00",
29-06-2023,07:32,28-06-2023,ISHARES EM DIVIDEND UCITS ETF USD (DIST),IE00B652H904,Dywidenda,,USD,"110,63",USD,"142,01",
29-06-2023,07:20,28-06-2023,ISHARES $ TREASURY BOND 20+YR UCITS,IE00BSKRJZ44,Dywidenda,,USD,"31,38",USD,"31,38",
26-06-2023,17:20,26-06-2023,,,"Transfer to your Cash Account at flatexDEGIRO Bank: 83,74 EUR",,,,EUR,"3699,25",
26-06-2023,17:20,26-06-2023,FLATEX EURO BANKACCOUNT,NLFLATEXACNT,Degiro Cash Sweep Transfer,,EUR,"-83,74",EUR,"3615,51",
25-06-2023,07:35,23-06-2023,,,FX Credit,,EUR,"83,74",EUR,"3699,25",
25-06-2023,07:35,23-06-2023,,,FX Withdrawal,"11,8219",NO,"-990,00",NO,"0,00",
25-06-2023,03:48,22-06-2023,YARA INTERNATIONAL ASA,NO0010208051,Dywidenda,,NO,"1320,00",NO,"990,00",
25-06-2023,03:48,22-06-2023,YARA INTERNATIONAL ASA,NO0010208051,Podatek Dywidendowy,,NO,"-330,00",NO,"-330,00",
19-06-2023,16:50,19-06-2023,,,"Transfer to your Cash Account at flatexDEGIRO Bank: 0,01 EUR",,,,EUR,"3615,51",
19-06-2023,16:50,19-06-2023,FLATEX EURO BANKACCOUNT,NLFLATEXACNT,Degiro Cash Sweep Transfer,,EUR,"-0,01",EUR,"3615,50",
17-06-2023,07:41,16-06-2023,,,FX Credit,,EUR,"0,01",EUR,"3615,51",
17-06-2023,07:41,16-06-2023,,,FX Withdrawal,"1,0965",USD,"-0,01",USD,"0,00",
16-06-2023,17:19,16-06-2023,,,"Transfer to your Cash Account at flatexDEGIRO Bank: 3 457,63 EUR",,,,EUR,"3615,50",
16-06-2023,17:19,16-06-2023,FLATEX EURO BANKACCOUNT,NLFLATEXACNT,Degiro Cash Sweep Transfer,,EUR,"-3457,63",EUR,"157,87",
16-06-2023,14:08,16-06-2023,ISHARES $ TREASURY BOND 20+YR UCITS,IE00BSKRJZ44,FX Withdrawal,"1,0991",USD,"-1775,63",USD,"0,01",5d2629a9-a4bf-4d24-a6e7-d8d2a1d0c44c
16-06-2023,14:08,16-06-2023,ISHARES $ TREASURY BOND 20+YR UCITS,IE00BSKRJZ44,FX Credit,,EUR,"1615,47",EUR,"3615,50",5d2629a9-a4bf-4d24-a6e7-d8d2a1d0c44c
16-06-2023,14:08,16-06-2023,ISHARES $ TREASURY BOND 20+YR UCITS,IE00BSKRJZ44,DEGIRO Opłata Transakcyjna i/lub opłata stron trzecich,,EUR,"-1,00",EUR,"2000,03",5d2629a9-a4bf-4d24-a6e7-d8d2a1d0c44c
16-06-2023,14:08,16-06-2023,ISHARES $ TREASURY BOND 20+YR UCITS,IE00BSKRJZ44,"Sprzedaż 469 iShares $ Treasury Bond 20+yr UCITS ETF USD D@3,786 USD (IE00BSKRJZ44)",,USD,"1775,63",USD,"1775,64",5d2629a9-a4bf-4d24-a6e7-d8d2a1d0c44c
16-06-2023,14:06,16-06-2023,VANECK JUNIOR GOLD MINERS UCITS ETF,IE00BQQP9G91,FX Withdrawal,"0,8565",GBP,"-1581,30",GBP,"0,00",d2b990f6-f263-467b-aabc-a4cb087f2a21
16-06-2023,14:06,16-06-2023,VANECK JUNIOR GOLD MINERS UCITS ETF,IE00BQQP9G91,FX Credit,,EUR,"1846,16",EUR,"2001,03",d2b990f6-f263-467b-aabc-a4cb087f2a21
16-06-2023,14:06,16-06-2023,VANECK JUNIOR GOLD MINERS UCITS ETF,IE00BQQP9G91,DEGIRO Opłata Transakcyjna i/lub opłata stron trzecich,,EUR,"-3,00",EUR,"154,87",d2b990f6-f263-467b-aabc-a4cb087f2a21
16-06-2023,14:06,16-06-2023,VANECK JUNIOR GOLD MINERS UCITS ETF,IE00BQQP9G91,"Sprzedaż 63 VanEck Junior Gold Miners UCITS ETF USD A@25,1 GBP (IE00BQQP9G91)",,GBP,"1581,30",GBP,"1581,30",d2b990f6-f263-467b-aabc-a4cb087f2a21
12-06-2023,16:49,12-06-2023,,,"Transfer to your Cash Account at flatexDEGIRO Bank: 3,22 EUR",,,,EUR,"157,87",
12-06-2023,16:49,12-06-2023,FLATEX EURO BANKACCOUNT,NLFLATEXACNT,Degiro Cash Sweep Transfer,,EUR,"-3,22",EUR,"154,65",
10-06-2023,07:41,09-06-2023,,,FX Credit,,EUR,"3,22",EUR,"157,87",
10-06-2023,07:41,09-06-2023,,,FX Withdrawal,"1,0776",USD,"-3,47",USD,"0,00",
09-06-2023,07:09,08-06-2023,MICROSOFT CORP,US5949181045,Dywidenda,,USD,"4,08",USD,"3,47",
09-06-2023,07:09,08-06-2023,MICROSOFT CORP,US5949181045,Podatek Dywidendowy,,USD,"-0,61",USD,"-0,61",
05-06-2023,18:04,05-06-2023,,,"Transfer to your Cash Account at flatexDEGIRO Bank: 3,96 EUR",,,,EUR,"154,65",
05-06-2023,18:04,05-06-2023,FLATEX EURO BANKACCOUNT,NLFLATEXACNT,Degiro Cash Sweep Transfer,,EUR,"-3,96",EUR,"150,69",
03-06-2023,07:41,02-06-2023,,,FX Credit,,EUR,"3,96",EUR,"154,65",
03-06-2023,07:41,02-06-2023,,,FX Withdrawal,"1,0735",USD,"-4,25",USD,"0,00",
02-06-2023,07:50,01-06-2023,INTEL CORP,US4581401001,Dywidenda,,USD,"5,00",USD,"4,25",
02-06-2023,07:50,01-06-2023,INTEL CORP,US4581401001,Podatek Dywidendowy,,USD,"-0,75",USD,"-0,75",
19-05-2023,17:19,19-05-2023,,,"Transfer to your Cash Account at flatexDEGIRO Bank: 0,17 EUR",,,,EUR,"150,69",
19-05-2023,17:19,19-05-2023,FLATEX EURO BANKACCOUNT,NLFLATEXACNT,Degiro Cash Sweep Transfer,,EUR,"-0,17",EUR,"150,52",
19-05-2023,07:34,18-05-2023,,,FX Credit,,EUR,"0,17",EUR,"150,69",
19-05-2023,07:34,18-05-2023,,,FX Withdrawal,"1,0797",USD,"-0,18",USD,"0,00",
19-05-2023,06:09,18-05-2023,INDUSTRIAL LOGISTICS PROPERTIES TRUST,US4562371066,Dywidenda,,USD,"0,21",USD,"0,18",
19-05-2023,06:09,18-05-2023,INDUSTRIAL LOGISTICS PROPERTIES TRUST,US4562371066,Podatek Dywidendowy,,USD,"-0,03",USD,"-0,03",
24-04-2023,17:49,24-04-2023,,,Transfer to your Cash Account at flatexDEGIRO Bank: 53 EUR,,,,EUR,"150,52",
24-04-2023,17:49,24-04-2023,FLATEX EURO BANKACCOUNT,NLFLATEXACNT,Degiro Cash Sweep Transfer,,EUR,"-53,00",EUR,"97,52",
22-04-2023,07:35,21-04-2023,,,FX Credit,,EUR,"53,00",EUR,"150,52",
22-04-2023,07:35,21-04-2023,,,FX Withdrawal,"1,1013",USD,"-58,37",USD,"0,00",
21-04-2023,07:13,20-04-2023,ADR ON RIO TINTO PLC,US7672041008,ADR/GDR Pass-Through Fee,,USD,"-0,13",USD,"58,37",
21-04-2023,07:12,20-04-2023,ADR ON RIO TINTO PLC,US7672041008,Dywidenda,,USD,"58,50",USD,"58,50",
11-04-2023,12:20,10-04-2023,,,"Transfer to your Cash Account at flatexDEGIRO Bank: 28,64 EUR",,,,EUR,"97,52",
11-04-2023,12:20,10-04-2023,FLATEX EURO BANKACCOUNT,NLFLATEXACNT,Degiro Cash Sweep Transfer,,EUR,"-28,64",EUR,"68,88",
08-04-2023,07:35,07-04-2023,,,FX Credit,,EUR,"28,64",EUR,"97,52",
08-04-2023,07:35,07-04-2023,,,FX Withdrawal,"1,0932",USD,"-31,31",USD,"0,00",
07-04-2023,07:25,06-04-2023,ADR ON SIBANYE STILLWATER LTD,US82575P1075,Dywidenda,,USD,"39,14",USD,"31,31",
07-04-2023,07:25,06-04-2023,ADR ON SIBANYE STILLWATER LTD,US82575P1075,Podatek Dywidendowy,,USD,"-7,83",USD,"-7,83",
02-04-2023,10:11,31-03-2023,,,Flatex Interest Income,,EUR,"0,00",EUR,"68,88",
31-03-2023,13:20,30-03-2023,,,"Transfer from your Cash Account at flatexDEGIRO Bank: 1 157,83 EUR",,,,EUR,"68,88",
31-03-2023,13:20,30-03-2023,FLATEX EURO BANKACCOUNT,NLFLATEXACNT,Degiro Cash Sweep Transfer,,EUR,"1157,83",EUR,"1226,71",
30-03-2023,13:30,29-03-2023,,,FX Credit,,EUR,"17,47",EUR,"68,88",
30-03-2023,13:30,29-03-2023,,,FX Withdrawal,"1,0871",USD,"-18,99",USD,"0,00",
30-03-2023,12:48,30-03-2023,INTEL CORP,US4581401001,DEGIRO Opłata Transakcyjna i/lub opłata stron trzecich,,EUR,"-3,90",EUR,"51,41",211b9d51-84de-4d55-8b35-204e8e1c4ff1
30-03-2023,12:48,30-03-2023,INTEL CORP,US4581401001,"Kupno 40 Intel Corp@29,285 EUR (US4581401001)",,EUR,"-1171,40",EUR,"55,31",211b9d51-84de-4d55-8b35-204e8e1c4ff1
30-03-2023,09:22,29-03-2023,ISHARES EM DIVIDEND UCITS ETF USD (DIST),IE00B652H904,Dywidenda,,USD,"18,99",USD,"18,99",
20-03-2023,11:38,17-03-2023,,,"Transfer to your Cash Account at flatexDEGIRO Bank: 2,5 EUR",,,,EUR,"1226,71",
20-03-2023,11:38,17-03-2023,FLATEX EURO BANKACCOUNT,NLFLATEXACNT,Degiro Cash Sweep Transfer,,EUR,"-2,50",EUR,"1224,21",
17-03-2023,16:43,17-03-2023,,,DEGIRO courtesy,,EUR,"2,50",EUR,"1226,71",
02-03-2023,12:20,01-03-2023,,,"Transfer from your Cash Account at flatexDEGIRO Bank: 2,5 EUR",,,,EUR,"1224,21",
02-03-2023,12:20,01-03-2023,FLATEX EURO BANKACCOUNT,NLFLATEXACNT,Degiro Cash Sweep Transfer,,EUR,"2,50",EUR,"1226,71",
01-03-2023,15:07,28-02-2023,,,DEGIRO Exchange Connection Fee 2023 (Tradegate AG - TDG),,EUR,"-2,50",EUR,"1224,21",
23-02-2023,05:15,23-02-2023,BYD CO LTD,CNE100000296,"ZMIANA PRODUKTU : Kupno 1 BYD Co Ltd@23,0002 EUR (CNE100000296)",,EUR,"0,00",EUR,"1226,71",
23-02-2023,04:26,23-02-2023,ALIBABA HEALTH INFORMATION,BMG0171K1018,"ZMIANA PRODUKTU : Kupno 1 659 Alibaba Health Information Technology Ltd@1,2036 EUR (BMG0171K1018)",,EUR,"0,00",EUR,"1226,71",
23-02-2023,03:15,23-02-2023,BYD CO LTD,CNE100000296,"ZMIANA PRODUKTU : Sprzedaż 1 BYD Co Ltd@23,0002 EUR (CNE100000296)",,EUR,"0,00",EUR,"1226,71",
23-02-2023,02:35,23-02-2023,ALIBABA HEALTH INFORMATION,BMG0171K1018,"ZMIANA PRODUKTU : Sprzedaż 1 659 Alibaba Health Information Technology Ltd@1,2036 EUR (BMG0171K1018)",,EUR,"0,00",EUR,"1226,71",
17-02-2023,16:49,17-02-2023,,,"Transfer to your Cash Account at flatexDEGIRO Bank: 0,17 EUR",,,,EUR,"1226,71",
17-02-2023,16:49,17-02-2023,FLATEX EURO BANKACCOUNT,NLFLATEXACNT,Degiro Cash Sweep Transfer,,EUR,"-0,17",EUR,"1226,54",
17-02-2023,07:37,16-02-2023,,,FX Credit,,EUR,"0,17",EUR,"1226,71",
17-02-2023,07:37,16-02-2023,,,FX Withdrawal,"1,0700",USD,"-0,18",USD,"0,00",
17-02-2023,04:18,16-02-2023,INDUSTRIAL LOGISTICS PROPERTIES TRUST,US4562371066,Dywidenda,,USD,"0,21",USD,"0,18",
17-02-2023,04:18,16-02-2023,INDUSTRIAL LOGISTICS PROPERTIES TRUST,US4562371066,Podatek Dywidendowy,,USD,"-0,03",USD,"-0,03",
16-02-2023,10:19,15-02-2023,,,"Transfer from your Cash Account at flatexDEGIRO Bank: 1 512,59 EUR",,,,EUR,"1226,54",
16-02-2023,10:19,15-02-2023,FLATEX EURO BANKACCOUNT,NLFLATEXACNT,Degiro Cash Sweep Transfer,,EUR,"1512,59",EUR,"2739,13",
15-02-2023,15:30,15-02-2023,MICROSOFT CORP,US5949181045,FX Credit,"1,0649",USD,"1609,74",USD,"0,00",205043db-a5c7-4005-bf62-f25316b50501
15-02-2023,15:30,15-02-2023,MICROSOFT CORP,US5949181045,FX Withdrawal,,EUR,"-1511,59",EUR,"1226,54",205043db-a5c7-4005-bf62-f25316b50501
15-02-2023,15:30,15-02-2023,MICROSOFT CORP,US5949181045,DEGIRO Opłata Transakcyjna i/lub opłata stron trzecich,,EUR,"-1,00",EUR,"2738,13",205043db-a5c7-4005-bf62-f25316b50501
15-02-2023,15:30,15-02-2023,MICROSOFT CORP,US5949181045,"Kupno 6 Microsoft Corp@268,29 USD (US5949181045)",,USD,"-1609,74",USD,"-1609,74",205043db-a5c7-4005-bf62-f25316b50501
07-02-2023,16:49,07-02-2023,,,"Transfer to your Cash Account at flatexDEGIRO Bank: 11,43 EUR",,,,EUR,"2739,13",
07-02-2023,16:49,07-02-2023,FLATEX EURO BANKACCOUNT,NLFLATEXACNT,Degiro Cash Sweep Transfer,,EUR,"-11,43",EUR,"2727,70",
07-02-2023,07:35,06-02-2023,,,FX Credit,,EUR,"11,43",EUR,"2739,13",
07-02-2023,07:35,06-02-2023,,,FX Withdrawal,"1,4257",SG,"-16,30",SG,"0,00",
07-02-2023,04:08,06-02-2023,UBS MSCI SINGAPORE UCITS ETF SGD DIS,LU1169825954,Dywidenda,,SG,"16,30",SG,"16,30",
04-01-2023,05:39,03-01-2023,,,"Transfer to your Cash Account at flatexDEGIRO Bank: 41,86 EUR",,,,EUR,"2727,70",
04-01-2023,05:39,03-01-2023,FLATEX EURO BANKACCOUNT,NLFLATEXACNT,Degiro Cash Sweep Transfer,,EUR,"-41,86",EUR,"2685,84",
03-01-2023,14:03,31-12-2022,,,DEGIRO Exchange Connection Fee 2023 (SIX Swiss Exchange (SWX) - SWX),,EUR,"-2,50",EUR,"2727,70",
03-01-2023,14:03,31-12-2022,,,DEGIRO Exchange Connection Fee 2023 (New York Stock Exchange - NSY),,EUR,"-2,50",EUR,"2730,20",
03-01-2023,14:03,31-12-2022,,,DEGIRO Exchange Connection Fee 2023 (Nasdaq - NDQ),,EUR,"-2,50",EUR,"2732,70",
03-01-2023,14:03,31-12-2022,,,DEGIRO Exchange Connection Fee 2023 (NYSE American - ASE),,EUR,"-2,50",EUR,"2735,20",
03-01-2023,14:03,31-12-2022,,,DEGIRO Exchange Connection Fee 2023 (London Stock Exchange (LSE) - LSE),,EUR,"-2,50",EUR,"2737,70",
03-01-2023,14:03,31-12-2022,,,DEGIRO Exchange Connection Fee 2023 (Oslo Børs - OSL),,EUR,"-2,50",EUR,"2740,20",
03-01-2023,14:03,31-12-2022,,,DEGIRO Exchange Connection Fee 2023 (Boerse Frankfurt - FRA),,EUR,"-2,50",EUR,"2742,70",
03-01-2023,14:03,31-12-2022,,,DEGIRO Exchange Connection Fee 2023 (Xetra - XET),,EUR,"-2,50",EUR,"2745,20",
03-01-2023,07:46,02-01-2023,,,FX Credit,,EUR,"61,86",EUR,"2747,70",
03-01-2023,07:46,02-01-2023,,,FX Withdrawal,"1,0693",USD,"-66,15",USD,"0,00",
02-01-2023,14:51,02-01-2023,,,Flatex Interest Income,,EUR,"0,00",EUR,"2685,84",
02-01-2023,07:35,30-12-2022,ISHARES EM DIVIDEND UCITS ETF USD (DIST),IE00B652H904,Dywidenda,,USD,"38,39",USD,"66,15",
02-01-2023,07:35,30-12-2022,ISHARES $ TREASURY BOND 20+YR UCITS,IE00BSKRJZ44,Dywidenda,,USD,"27,76",USD,"27,76",
21-12-2022,17:33,21-12-2022,,,"Transfer to your Cash Account at flatexDEGIRO Bank: 17,11 EUR",,,,EUR,"2685,84",
21-12-2022,17:33,21-12-2022,FLATEX EURO BANKACCOUNT,NLFLATEXACNT,Degiro Cash Sweep Transfer,,EUR,"-17,11",EUR,"2668,73",
21-12-2022,07:33,20-12-2022,,,FX Credit,,EUR,"17,11",EUR,"2685,84",
21-12-2022,07:33,20-12-2022,,,FX Withdrawal,"10,5194",NO,"-180,00",NO,"0,00",
20-12-2022,08:08,15-12-2022,YARA INTERNATIONAL ASA,NO0010208051,Dywidenda,,NO,"240,00",NO,"180,00",
20-12-2022,08:08,15-12-2022,YARA INTERNATIONAL ASA,NO0010208051,Podatek Dywidendowy,,NO,"-60,00",NO,"-60,00",
19-12-2022,18:34,19-12-2022,,,"Transfer to your Cash Account at flatexDEGIRO Bank: 5,52 EUR",,,,EUR,"2668,73",
19-12-2022,18:34,19-12-2022,FLATEX EURO BANKACCOUNT,NLFLATEXACNT,Degiro Cash Sweep Transfer,,EUR,"-5,52",EUR,"2663,21",
17-12-2022,08:39,16-12-2022,,,FX Credit,,EUR,"5,52",EUR,"2668,73",
17-12-2022,08:39,16-12-2022,,,FX Withdrawal,"1,4516",CAD,"-8,01",CAD,"0,00",
16-12-2022,07:07,15-12-2022,CAMECO CORP,CA13321L1085,Dywidenda,,CAD,"10,68",CAD,"8,01",
16-12-2022,07:07,15-12-2022,CAMECO CORP,CA13321L1085,Podatek Dywidendowy,,CAD,"-2,67",CAD,"-2,67",
21-11-2022,16:33,21-11-2022,,,"Transfer to your Cash Account at flatexDEGIRO Bank: 0,17 EUR",,,,EUR,"2663,21",
21-11-2022,16:33,21-11-2022,FLATEX EURO BANKACCOUNT,NLFLATEXACNT,Degiro Cash Sweep Transfer,,EUR,"-0,17",EUR,"2663,04",
19-11-2022,07:33,18-11-2022,,,FX Credit,,EUR,"0,17",EUR,"2663,21",
19-11-2022,07:33,18-11-2022,,,FX Withdrawal,"1,0351",USD,"-0,18",USD,"0,00",
18-11-2022,07:00,17-11-2022,INDUSTRIAL LOGISTICS PROPERTIES TRUST,US4562371066,Dywidenda,,USD,"0,21",USD,"0,18",
18-11-2022,07:00,17-11-2022,INDUSTRIAL LOGISTICS PROPERTIES TRUST,US4562371066,Podatek Dywidendowy,,USD,"-0,03",USD,"-0,03",
03-10-2022,17:49,03-10-2022,,,"Transfer to your Cash Account at flatexDEGIRO Bank: 37,16 EUR",,,,EUR,"2663,04",
03-10-2022,17:49,03-10-2022,FLATEX EURO BANKACCOUNT,NLFLATEXACNT,Degiro Cash Sweep Transfer,,EUR,"-37,16",EUR,"2625,88",
01-10-2022,17:41,30-09-2022,,,Flatex Interest,,EUR,"-0,53",EUR,"2663,04",
01-10-2022,08:33,30-09-2022,,,FX Credit,,EUR,"37,16",EUR,"2663,57",
01-10-2022,08:33,30-09-2022,,,FX Withdrawal,"0,9827",USD,"-36,52",USD,"0,00",
30-09-2022,17:50,30-09-2022,,,"Transfer to your Cash Account at flatexDEGIRO Bank: 86,22 EUR",,,,EUR,"2626,41",
30-09-2022,17:50,30-09-2022,FLATEX EURO BANKACCOUNT,NLFLATEXACNT,Degiro Cash Sweep Transfer,,EUR,"-86,22",EUR,"2540,19",
30-09-2022,07:52,29-09-2022,,,FX Credit,,EUR,"86,22",EUR,"2626,41",
30-09-2022,07:52,29-09-2022,,,FX Withdrawal,"0,9840",USD,"-84,84",USD,"36,52",
30-09-2022,07:20,29-09-2022,ADR ON SIBANYE STILLWATER LTD,US82575P1075,Dywidenda,,USD,"45,65",USD,"121,36",
30-09-2022,07:20,29-09-2022,ADR ON SIBANYE STILLWATER LTD,US82575P1075,Podatek Dywidendowy,,USD,"-9,13",USD,"75,71",
29-09-2022,07:56,28-09-2022,ISHARES EM DIVIDEND UCITS ETF USD (DIST),IE00B652H904,Dywidenda,,USD,"84,84",USD,"84,84",
26-09-2022,16:49,26-09-2022,,,"Transfer to your Cash Account at flatexDEGIRO Bank: 71,35 EUR",,,,EUR,"2540,19",
26-09-2022,16:49,26-09-2022,FLATEX EURO BANKACCOUNT,NLFLATEXACNT,Degiro Cash Sweep Transfer,,EUR,"-71,35",EUR,"2468,84",
24-09-2022,07:35,23-09-2022,,,FX Credit,,EUR,"71,35",EUR,"2540,19",
24-09-2022,07:35,23-09-2022,,,FX Withdrawal,"0,9711",USD,"-69,29",USD,"0,00",
23-09-2022,07:19,22-09-2022,ADR ON RIO TINTO PLC,US7672041008,Dywidenda,,USD,"69,42",USD,"69,29",
23-09-2022,07:19,22-09-2022,ADR ON RIO TINTO PLC,US7672041008,ADR/GDR Pass-Through Fee,,USD,"-0,13",USD,"-0,13",
25-08-2022,10:06,24-08-2022,,,"Transfer to your Cash Account at flatexDEGIRO Bank: 1 095,17 EUR",,,,EUR,"2468,84",
25-08-2022,10:06,24-08-2022,FLATEX EURO BANKACCOUNT,NLFLATEXACNT,Degiro Cash Sweep Transfer,,EUR,"-1095,17",EUR,"1373,67",
24-08-2022,15:30,24-08-2022,PETROCHINA CO LTD,US71646E1001,FX Withdrawal,"0,9947",USD,"-1089,84",USD,"0,00",de74ad83-50ef-4a37-96d7-426459b7f610
24-08-2022,15:30,24-08-2022,PETROCHINA CO LTD,US71646E1001,FX Credit,,EUR,"1095,67",EUR,"2468,84",de74ad83-50ef-4a37-96d7-426459b7f610
24-08-2022,15:30,24-08-2022,PETROCHINA CO LTD,US71646E1001,DEGIRO Opłata Transakcyjna i/lub opłata stron trzecich,,EUR,"-0,50",EUR,"1373,17",de74ad83-50ef-4a37-96d7-426459b7f610
24-08-2022,15:30,24-08-2022,PETROCHINA CO LTD,US71646E1001,"Sprzedaż 24 PetroChina Co Ltd@45,41 USD (US71646E1001)",,USD,"1089,84",USD,"1089,84",de74ad83-50ef-4a37-96d7-426459b7f610
22-08-2022,16:48,22-08-2022,,,"Transfer to your Cash Account at flatexDEGIRO Bank: 0,87 EUR",,,,EUR,"1373,67",
22-08-2022,16:48,22-08-2022,FLATEX EURO BANKACCOUNT,NLFLATEXACNT,Degiro Cash Sweep Transfer,,EUR,"-0,87",EUR,"1372,80",
20-08-2022,07:32,19-08-2022,,,FX Credit,,EUR,"0,87",EUR,"1373,67",
20-08-2022,07:32,19-08-2022,,,FX Withdrawal,"1,0062",USD,"-0,88",USD,"0,00",
19-08-2022,16:48,19-08-2022,,,"Transfer to your Cash Account at flatexDEGIRO Bank: 0,18 EUR",,,,EUR,"1372,80",
19-08-2022,16:48,19-08-2022,FLATEX EURO BANKACCOUNT,NLFLATEXACNT,Degiro Cash Sweep Transfer,,EUR,"-0,18",EUR,"1372,62",
19-08-2022,13:36,27-07-2022,NAK KAZATOMPROM AO,US63253R2013,Dywidenda,,USD,"63,47",USD,"0,88",
19-08-2022,13:35,27-07-2022,NAK KAZATOMPROM AO,US63253R2013,Dywidenda,,USD,"-63,47",USD,"-62,59",
19-08-2022,13:35,27-07-2022,NAK KAZATOMPROM AO,US63253R2013,ADR/GDR Pass-Through Fee,,USD,"0,88",USD,"0,88",
19-08-2022,07:31,18-08-2022,,,FX Credit,,EUR,"0,18",EUR,"1372,80",
19-08-2022,07:31,18-08-2022,,,FX Withdrawal,"1,0113",USD,"-0,18",USD,"0,00",
19-08-2022,05:11,18-08-2022,INDUSTRIAL LOGISTICS PROPERTIES TRUST,US4562371066,Dywidenda,,USD,"0,21",USD,"0,18",
19-08-2022,05:11,18-08-2022,INDUSTRIAL LOGISTICS PROPERTIES TRUST,US4562371066,Podatek Dywidendowy,,USD,"-0,03",USD,"-0,03",
10-08-2022,16:33,10-08-2022,,,"Transfer to your Cash Account at flatexDEGIRO Bank: 29,92 EUR",,,,EUR,"1372,62",
10-08-2022,16:33,10-08-2022,FLATEX EURO BANKACCOUNT,NLFLATEXACNT,Degiro Cash Sweep Transfer,,EUR,"-29,92",EUR,"1342,70",
10-08-2022,07:33,09-08-2022,,,FX Credit,,EUR,"29,92",EUR,"1372,62",
10-08-2022,07:33,09-08-2022,,,FX Withdrawal,"1,0239",USD,"-30,64",USD,"0,00",
09-08-2022,07:29,08-08-2022,PETROCHINA CO LTD,US71646E1001,Dywidenda,,USD,"34,58",USD,"30,64",
09-08-2022,07:29,08-08-2022,PETROCHINA CO LTD,US71646E1001,Podatek Dywidendowy,,USD,"-3,46",USD,"-3,94",
09-08-2022,07:29,08-08-2022,PETROCHINA CO LTD,US71646E1001,ADR/GDR Pass-Through Fee,,USD,"-0,48",USD,"-0,48",
05-08-2022,16:48,05-08-2022,,,"Transfer to your Cash Account at flatexDEGIRO Bank: 10,56 EUR",,,,EUR,"1342,70",
05-08-2022,16:48,05-08-2022,FLATEX EURO BANKACCOUNT,NLFLATEXACNT,Degiro Cash Sweep Transfer,,EUR,"-10,56",EUR,"1332,14",
05-08-2022,07:33,04-08-2022,,,FX Credit,,EUR,"10,56",EUR,"1342,70",
05-08-2022,07:33,04-08-2022,,,FX Withdrawal,"1,4118",SG,"-14,91",SG,"0,00",
05-08-2022,04:06,04-08-2022,UBS MSCI SINGAPORE UCITS ETF SGD DIS,LU1169825954,Dywidenda,,SG,"14,91",SG,"14,91",
03-08-2022,16:48,03-08-2022,,,"Transfer to your Cash Account at flatexDEGIRO Bank: 61,41 EUR",,,,EUR,"1332,14",
03-08-2022,16:48,03-08-2022,FLATEX EURO BANKACCOUNT,NLFLATEXACNT,Degiro Cash Sweep Transfer,,EUR,"-61,41",EUR,"1270,73",
03-08-2022,07:32,02-08-2022,,,FX Credit,,EUR,"61,41",EUR,"1332,14",
03-08-2022,07:32,02-08-2022,,,FX Withdrawal,"1,0192",USD,"-62,59",USD,"0,00",
02-08-2022,17:18,02-08-2022,,,"Transfer to your Cash Account at flatexDEGIRO Bank: 0,01 EUR",,,,EUR,"1270,73",
02-08-2022,17:18,02-08-2022,FLATEX EURO BANKACCOUNT,NLFLATEXACNT,Degiro Cash Sweep Transfer,,EUR,"-0,01",EUR,"1270,72",
02-08-2022,08:32,27-07-2022,NAK KAZATOMPROM AO,US63253R2013,Dywidenda,,USD,"63,47",USD,"62,59",
02-08-2022,08:32,27-07-2022,NAK KAZATOMPROM AO,US63253R2013,ADR/GDR Pass-Through Fee,,USD,"-0,88",USD,"-0,88",
02-08-2022,07:32,01-08-2022,,,FX Credit,,EUR,"0,01",EUR,"1270,73",
02-08-2022,07:32,01-08-2022,,,FX Withdrawal,"8,0596",HKD,"-0,11",HKD,"0,00",
01-08-2022,07:45,29-07-2022,BYD CO LTD,CNE100000296,Dywidenda,,HKD,"0,12",HKD,"0,11",
01-08-2022,07:45,29-07-2022,BYD CO LTD,CNE100000296,Podatek Dywidendowy,,HKD,"-0,01",HKD,"-0,01",
03-07-2022,00:40,30-06-2022,,,Flatex Interest,,EUR,"-1,37",EUR,"1270,72",
02-07-2022,01:19,01-07-2022,,,"Transfer to your Cash Account at flatexDEGIRO Bank: 109,71 EUR",,,,EUR,"1272,09",
02-07-2022,01:19,01-07-2022,FLATEX EURO BANKACCOUNT,NLFLATEXACNT,Degiro Cash Sweep Transfer,,EUR,"-109,71",EUR,"1162,38",
01-07-2022,08:37,30-06-2022,,,FX Credit,,EUR,"109,71",EUR,"1272,09",
01-07-2022,08:37,30-06-2022,,,FX Withdrawal,"1,0509",USD,"-115,30",USD,"0,00",
30-06-2022,07:51,29-06-2022,ISHARES EM DIVIDEND UCITS ETF USD (DIST),IE00B652H904,Dywidenda,,USD,"90,54",USD,"115,30",
30-06-2022,07:34,29-06-2022,ISHARES $ TREASURY BOND 20+YR UCITS,IE00BSKRJZ44,Dywidenda,,USD,"24,76",USD,"24,76",
24-05-2022,16:47,24-05-2022,,,"Transfer to your Cash Account at flatexDEGIRO Bank: 52,57 EUR",,,,EUR,"1162,38",
24-05-2022,16:47,24-05-2022,FLATEX EURO BANKACCOUNT,NLFLATEXACNT,Degiro Cash Sweep Transfer,,EUR,"-52,57",EUR,"1109,81",
24-05-2022,07:33,23-05-2022,,,FX Credit,,EUR,"52,57",EUR,"1162,38",
24-05-2022,07:33,23-05-2022,,,FX Withdrawal,"10,2715",NO,"-540,00",NO,"0,00",
23-05-2022,08:30,20-05-2022,YARA INTERNATIONAL ASA,NO0010208051,Dywidenda,,NO,"720,00",NO,"540,00",
23-05-2022,08:30,20-05-2022,YARA INTERNATIONAL ASA,NO0010208051,Podatek Dywidendowy,,NO,"-180,00",NO,"-180,00",
20-05-2022,18:32,20-05-2022,,,"Transfer to your Cash Account at flatexDEGIRO Bank: 5,55 EUR",,,,EUR,"1109,81",
20-05-2022,18:32,20-05-2022,FLATEX EURO BANKACCOUNT,NLFLATEXACNT,Degiro Cash Sweep Transfer,,EUR,"-5,55",EUR,"1104,26",
20-05-2022,07:32,19-05-2022,,,FX Credit,,EUR,"5,55",EUR,"1109,81",
20-05-2022,07:32,19-05-2022,,,FX Withdrawal,"1,0611",USD,"-5,89",USD,"0,00",
20-05-2022,05:27,19-05-2022,INDUSTRIAL LOGISTICS PROPERTIES TRUST,US4562371066,Dywidenda,,USD,"6,93",USD,"5,89",
20-05-2022,05:27,19-05-2022,INDUSTRIAL LOGISTICS PROPERTIES TRUST,US4562371066,Podatek Dywidendowy,,USD,"-1,04",USD,"-1,04",
02-05-2022,18:17,02-05-2022,,,"Transfer to your Cash Account at flatexDEGIRO Bank: 22,76 EUR",,,,EUR,"1104,26",
02-05-2022,18:17,02-05-2022,FLATEX EURO BANKACCOUNT,NLFLATEXACNT,Degiro Cash Sweep Transfer,,EUR,"-22,76",EUR,"1081,50",
30-04-2022,07:32,29-04-2022,,,FX Credit,,EUR,"22,76",EUR,"1104,26",
30-04-2022,07:32,29-04-2022,,,FX Withdrawal,"1,0569",USD,"-24,06",USD,"0,00",
29-04-2022,17:32,18-08-2021,GAZPROM PAO,US3682872078,ADR/GDR Pass-Through Fee,,USD,"24,06",USD,"24,06",
25-04-2022,16:47,25-04-2022,,,"Transfer to your Cash Account at flatexDEGIRO Bank: 114,89 EUR",,,,EUR,"1081,50",
25-04-2022,16:47,25-04-2022,FLATEX EURO BANKACCOUNT,NLFLATEXACNT,Degiro Cash Sweep Transfer,,EUR,"-114,89",EUR,"966,61",
23-04-2022,07:33,22-04-2022,,,FX Credit,,EUR,"114,89",EUR,"1081,50",
23-04-2022,07:33,22-04-2022,,,FX Withdrawal,"1,0828",USD,"-124,41",USD,"0,00",
22-04-2022,11:36,21-04-2022,ADR ON RIO TINTO PLC,US7672041008,Dywidenda,,USD,"16,12",USD,"124,41",
22-04-2022,11:36,21-04-2022,ADR ON RIO TINTO PLC,US7672041008,ADR/GDR Pass-Through Fee,,USD,"-0,13",USD,"108,29",
22-04-2022,07:41,21-04-2022,ADR ON RIO TINTO PLC,US7672041008,Capital Return,,USD,"-16,12",USD,"108,42",
22-04-2022,07:41,21-04-2022,ADR ON RIO TINTO PLC,US7672041008,ADR/GDR Pass-Through Fee,,USD,"0,13",USD,"124,54",
22-04-2022,07:32,21-04-2022,ADR ON RIO TINTO PLC,US7672041008,Capital Return,,USD,"16,12",USD,"124,41",
22-04-2022,07:32,21-04-2022,ADR ON RIO TINTO PLC,US7672041008,ADR/GDR Pass-Through Fee,,USD,"-0,13",USD,"108,29",
22-04-2022,07:32,21-04-2022,ADR ON RIO TINTO PLC,US7672041008,Dywidenda,,USD,"108,42",USD,"108,42",
11-04-2022,16:47,11-04-2022,,,"Transfer to your Cash Account at flatexDEGIRO Bank: 54,89 EUR",,,,EUR,"966,61",
11-04-2022,16:47,11-04-2022,FLATEX EURO BANKACCOUNT,NLFLATEXACNT,Degiro Cash Sweep Transfer,,EUR,"-54,89",EUR,"911,72",
09-04-2022,07:31,08-04-2022,,,FX Credit,,EUR,"54,89",EUR,"966,61",
09-04-2022,07:31,08-04-2022,,,FX Withdrawal,"1,0903",USD,"-59,85",USD,"0,00",
08-04-2022,08:22,07-04-2022,ADR ON SIBANYE STILLWATER LTD,US82575P1075,Dywidenda,,USD,"74,81",USD,"59,85",
08-04-2022,08:22,07-04-2022,ADR ON SIBANYE STILLWATER LTD,US82575P1075,Podatek Dywidendowy,,USD,"-14,96",USD,"-14,96",
02-04-2022,09:40,31-03-2022,,,Flatex Interest,,EUR,"-0,66",EUR,"911,72",
02-04-2022,00:48,01-04-2022,,,"Transfer to your Cash Account at flatexDEGIRO Bank: 40,06 EUR",,,,EUR,"912,38",
02-04-2022,00:48,01-04-2022,FLATEX EURO BANKACCOUNT,NLFLATEXACNT,Degiro Cash Sweep Transfer,,EUR,"-40,06",EUR,"872,32",
01-04-2022,07:46,31-03-2022,,,FX Credit,,EUR,"40,06",EUR,"912,38",
01-04-2022,07:46,31-03-2022,,,FX Withdrawal,"1,1095",USD,"-44,45",USD,"0,00",
31-03-2022,15:42,30-03-2022,ISHARES EM DIVIDEND UCITS ETF USD (DIST),IE00B652H904,Dywidenda,,USD,"44,45",USD,"44,45",
28-02-2022,17:02,28-02-2022,,,"Transfer to your Cash Account at flatexDEGIRO Bank: 795,6 EUR",,,,EUR,"872,32",
28-02-2022,17:02,28-02-2022,FLATEX EURO BANKACCOUNT,NLFLATEXACNT,Degiro Cash Sweep Transfer,,EUR,"-795,60",EUR,"76,72",
28-02-2022,12:01,28-02-2022,GAZPROM PAO,US3682872078,"Sprzedaż 85 Gazprom PAO@3,2 EUR (US3682872078)",,EUR,"272,00",EUR,"872,32",fff87b7b-8650-4f47-821d-da2a55947bd5
28-02-2022,12:01,28-02-2022,GAZPROM PAO,US3682872078,DEGIRO Opłata Transakcyjna i/lub opłata stron trzecich,,EUR,"-4,40",EUR,"600,32",fff87b7b-8650-4f47-821d-da2a55947bd5
28-02-2022,12:01,28-02-2022,GAZPROM PAO,US3682872078,"Sprzedaż 165 Gazprom PAO@3,2 EUR (US3682872078)",,EUR,"528,00",EUR,"604,72",fff87b7b-8650-4f47-821d-da2a55947bd5
25-02-2022,17:47,25-02-2022,,,"Transfer from your Cash Account at flatexDEGIRO Bank: 991,4 EUR",,,,EUR,"76,72",
25-02-2022,17:47,25-02-2022,FLATEX EURO BANKACCOUNT,NLFLATEXACNT,Degiro Cash Sweep Transfer,,EUR,"991,40",EUR,"1068,12",
25-02-2022,09:49,25-02-2022,NAK KAZATOMPROM AO,US63253R2013,DEGIRO Opłata Transakcyjna i/lub opłata stron trzecich,,EUR,"-4,40",EUR,"76,72",2558b968-b1b6-4b52-b206-4630d514abee
25-02-2022,09:49,25-02-2022,NAK KAZATOMPROM AO,US63253R2013,"Kupno 35 NAK Kazatomprom AO@28,2 EUR (US63253R2013)",,EUR,"-987,00",EUR,"81,12",2558b968-b1b6-4b52-b206-4630d514abee
24-02-2022,18:04,24-02-2022,,,"Transfer to your Cash Account at flatexDEGIRO Bank: 1 022,47 EUR",,,,EUR,"1068,12",
24-02-2022,18:04,24-02-2022,FLATEX EURO BANKACCOUNT,NLFLATEXACNT,Degiro Cash Sweep Transfer,,EUR,"-1022,47",EUR,"45,65",
24-02-2022,10:16,24-02-2022,GAZPROM PAO,US3682872078,DEGIRO Opłata Transakcyjna i/lub opłata stron trzecich,,EUR,"-4,40",EUR,"1068,12",212b8c89-3b0b-4047-9361-fd4f14bc90f0
24-02-2022,10:16,24-02-2022,GAZPROM PAO,US3682872078,"Sprzedaż 65 Gazprom PAO@4,106 EUR (US3682872078)",,EUR,"266,89",EUR,"1072,52",212b8c89-3b0b-4047-9361-fd4f14bc90f0
24-02-2022,10:16,24-02-2022,GAZPROM PAO,US3682872078,"Sprzedaż 185 Gazprom PAO@4,108 EUR (US3682872078)",,EUR,"759,98",EUR,"805,63",212b8c89-3b0b-4047-9361-fd4f14bc90f0
18-02-2022,17:02,18-02-2022,,,"Transfer to your Cash Account at flatexDEGIRO Bank: 4,25 EUR",,,,EUR,"45,65",
18-02-2022,17:02,18-02-2022,FLATEX EURO BANKACCOUNT,NLFLATEXACNT,Degiro Cash Sweep Transfer,,EUR,"-4,25",EUR,"41,40",
18-02-2022,07:36,17-02-2022,,,FX Credit,,EUR,"4,25",EUR,"45,65",
18-02-2022,07:36,17-02-2022,,,FX Withdrawal,"1,1391",USD,"-4,85",USD,"0,00",
18-02-2022,04:02,17-02-2022,INDUSTRIAL LOGISTICS PROPERTIES TRUST,US4562371066,Dywidenda,,USD,"6,93",USD,"4,85",
18-02-2022,04:02,17-02-2022,INDUSTRIAL LOGISTICS PROPERTIES TRUST,US4562371066,Podatek Dywidendowy,,USD,"-2,08",USD,"-2,08",
08-02-2022,16:32,08-02-2022,,,"Transfer to your Cash Account at flatexDEGIRO Bank: 12,38 EUR",,,,EUR,"41,40",
08-02-2022,16:32,08-02-2022,FLATEX EURO BANKACCOUNT,NLFLATEXACNT,Degiro Cash Sweep Transfer,,EUR,"-12,38",EUR,"29,02",
08-02-2022,07:37,07-02-2022,,,FX Credit,,EUR,"12,38",EUR,"41,40",
08-02-2022,07:37,07-02-2022,,,FX Withdrawal,"1,5386",SG,"-19,06",SG,"0,00",
07-02-2022,07:27,04-02-2022,UBS MSCI SINGAPORE UCITS ETF SGD DIS,LU1169825954,Dywidenda,,SG,"19,06",SG,"19,06",
04-02-2022,10:14,03-02-2022,,,Transfer from your Cash Account at flatexDEGIRO Bank: 20 EUR,,,,EUR,"29,02",
04-02-2022,10:14,03-02-2022,FLATEX EURO BANKACCOUNT,NLFLATEXACNT,Degiro Cash Sweep Transfer,,EUR,"20,00",EUR,"49,02",
03-02-2022,10:01,31-01-2022,,,DEGIRO Exchange Connection Fee 2022 (SIX Swiss Exchange (SWX) - SWX),,EUR,"-2,50",EUR,"29,02",
03-02-2022,10:01,31-01-2022,,,DEGIRO Exchange Connection Fee 2022 (New York Stock Exchange - NSY),,EUR,"-2,50",EUR,"31,52",
03-02-2022,10:01,31-01-2022,,,DEGIRO Exchange Connection Fee 2022 (Nasdaq - NDQ),,EUR,"-2,50",EUR,"34,02",
03-02-2022,10:01,31-01-2022,,,DEGIRO Exchange Connection Fee 2022 (NYSE American - ASE),,EUR,"-2,50",EUR,"36,52",
03-02-2022,10:01,31-01-2022,,,DEGIRO Exchange Connection Fee 2022 (London Stock Exchange (LSE) - LSE),,EUR,"-2,50",EUR,"39,02",
03-02-2022,10:01,31-01-2022,,,DEGIRO Exchange Connection Fee 2022 (Oslo Børs - OSL),,EUR,"-2,50",EUR,"41,52",
03-02-2022,10:01,31-01-2022,,,DEGIRO Exchange Connection Fee 2022 (Boerse Frankfurt - FRA),,EUR,"-2,50",EUR,"44,02",
03-02-2022,10:01,31-01-2022,,,DEGIRO Exchange Connection Fee 2022 (Xetra - XET),,EUR,"-2,50",EUR,"46,52",
17-01-2022,16:47,17-01-2022,,,"Transfer to your Cash Account at flatexDEGIRO Bank: 27,14 EUR",,,,EUR,"49,02",
17-01-2022,16:47,17-01-2022,FLATEX EURO BANKACCOUNT,NLFLATEXACNT,Degiro Cash Sweep Transfer,,EUR,"-27,14",EUR,"21,88",
15-01-2022,07:37,14-01-2022,,,FX Credit,,EUR,"27,14",EUR,"49,02",
15-01-2022,07:37,14-01-2022,,,FX Withdrawal,"1,1444",USD,"-31,07",USD,"0,00",
14-01-2022,09:33,13-01-2022,GLAXOSMITHKLINE PLC,US37733W1053,Dywidenda,,USD,"31,53",USD,"31,07",
14-01-2022,09:33,13-01-2022,GLAXOSMITHKLINE PLC,US37733W1053,ADR/GDR Pass-Through Fee,,USD,"-0,46",USD,"-0,46",
13-01-2022,17:16,13-01-2022,,,"Transfer from your Cash Account at flatexDEGIRO Bank: 1 002,05 EUR",,,,EUR,"21,88",
13-01-2022,17:16,13-01-2022,FLATEX EURO BANKACCOUNT,NLFLATEXACNT,Degiro Cash Sweep Transfer,,EUR,"1002,05",EUR,"1023,93",
13-01-2022,13:53,13-01-2022,ALIBABA HEALTH INFORMATION,BMG0171K1018,DEGIRO Opłata Transakcyjna i/lub opłata stron trzecich,,EUR,"-4,40",EUR,"21,88",5a97c66b-8d32-4df7-8fe5-5e202bca8a7e
13-01-2022,13:53,13-01-2022,ALIBABA HEALTH INFORMATION,BMG0171K1018,"Kupno 1 282 Alibaba Health Information Technology Ltd@0,7782 EUR (BMG0171K1018)",,EUR,"-997,65",EUR,"26,28",5a97c66b-8d32-4df7-8fe5-5e202bca8a7e
10-01-2022,10:16,07-01-2022,,,"Transfer from your Cash Account at flatexDEGIRO Bank: 711,36 EUR",,,,EUR,"1023,93",
10-01-2022,10:16,07-01-2022,FLATEX EURO BANKACCOUNT,NLFLATEXACNT,Degiro Cash Sweep Transfer,,EUR,"711,36",EUR,"1735,29",
07-01-2022,15:30,07-01-2022,CAMECO CORP,CA13321L1085,FX Credit,"1,1295",USD,"802,90",USD,"0,00",20e8f0a2-4eb0-45ea-bdf3-7858814912a1
07-01-2022,15:30,07-01-2022,CAMECO CORP,CA13321L1085,FX Withdrawal,,EUR,"-710,86",EUR,"1023,93",20e8f0a2-4eb0-45ea-bdf3-7858814912a1
07-01-2022,15:30,07-01-2022,CAMECO CORP,CA13321L1085,DEGIRO Opłata Transakcyjna i/lub opłata stron trzecich,,EUR,"-0,50",EUR,"1734,79",20e8f0a2-4eb0-45ea-bdf3-7858814912a1
07-01-2022,15:30,07-01-2022,CAMECO CORP,CA13321L1085,"Kupno 35 Cameco Corp@22,94 USD (CA13321L1085)",,USD,"-802,90",USD,"-802,90",20e8f0a2-4eb0-45ea-bdf3-7858814912a1
05-01-2022,11:55,04-01-2022,,,"Transfer to your Cash Account at flatexDEGIRO Bank: 57,71 EUR",,,,EUR,"1735,29",
05-01-2022,11:55,04-01-2022,FLATEX EURO BANKACCOUNT,NLFLATEXACNT,Degiro Cash Sweep Transfer,,EUR,"-57,71",EUR,"1677,58",
04-01-2022,07:45,03-01-2022,,,FX Credit,,EUR,"57,71",EUR,"1735,29",
04-01-2022,07:45,03-01-2022,,,FX Withdrawal,"1,1325",USD,"-65,36",USD,"0,00",
03-01-2022,08:10,31-12-2021,ISHARES EM DIVIDEND UCITS ETF USD (DIST),IE00B652H904,Dywidenda,,USD,"42,33",USD,"65,36",
03-01-2022,07:44,31-12-2021,ISHARES $ TREASURY BOND 20+YR UCITS,IE00BSKRJZ44,Dywidenda,,USD,"23,03",USD,"23,03",
31-12-2021,11:10,31-12-2021,,,Flatex Interest,,EUR,"-0,58",EUR,"1677,58",
17-12-2021,17:48,17-12-2021,,,"Transfer to your Cash Account at flatexDEGIRO Bank: 2,23 EUR",,,,EUR,"1678,16",
17-12-2021,17:48,17-12-2021,FLATEX EURO BANKACCOUNT,NLFLATEXACNT,Degiro Cash Sweep Transfer,,EUR,"-2,23",EUR,"1675,93",
17-12-2021,10:32,16-12-2021,,,"Transfer to your Cash Account at flatexDEGIRO Bank: 479,31 EUR",,,,EUR,"1678,16",
17-12-2021,10:32,16-12-2021,FLATEX EURO BANKACCOUNT,NLFLATEXACNT,Degiro Cash Sweep Transfer,,EUR,"-479,31",EUR,"1198,85",
17-12-2021,07:45,16-12-2021,,,FX Credit,,EUR,"2,23",EUR,"1678,16",
17-12-2021,07:45,16-12-2021,,,FX Withdrawal,"1,4488",CAD,"-3,24",CAD,"0,00",
16-12-2021,17:18,16-12-2021,ADR ON SIBANYE STILLWATER LTD,US82575P1075,FX Withdrawal,"1,1316",USD,"-610,00",USD,"0,00",facda0c1-533c-48cd-a917-9284dc11e960
16-12-2021,17:18,16-12-2021,ADR ON SIBANYE STILLWATER LTD,US82575P1075,FX Credit,,EUR,"539,05",EUR,"1675,93",facda0c1-533c-48cd-a917-9284dc11e960
16-12-2021,17:18,16-12-2021,ADR ON SIBANYE STILLWATER LTD,US82575P1075,"Sprzedaż 50 ADR on Sibanye Stillwater Ltd@12,2 USD (US82575P1075)",,USD,"610,00",USD,"610,00",facda0c1-533c-48cd-a917-9284dc11e960
16-12-2021,16:43,16-12-2021,ADR ON SIBANYE STILLWATER LTD,US82575P1075,FX Withdrawal,"1,1313",USD,"-1119,64",USD,"0,00",f7a7713b-3799-4875-bd6e-37a28daa875a
16-12-2021,16:43,16-12-2021,ADR ON SIBANYE STILLWATER LTD,US82575P1075,FX Credit,,EUR,"989,67",EUR,"1136,88",f7a7713b-3799-4875-bd6e-37a28daa875a
16-12-2021,16:43,16-12-2021,ADR ON SIBANYE STILLWATER LTD,US82575P1075,"Sprzedaż 92 ADR on Sibanye Stillwater Ltd@12,17 USD (US82575P1075)",,USD,"1119,64",USD,"1119,64",f7a7713b-3799-4875-bd6e-37a28daa875a
16-12-2021,16:26,16-12-2021,ADR ON SIBANYE STILLWATER LTD,US82575P1075,FX Credit,"1,1304",USD,"2741,38",USD,"0,00",566aa76e-1960-49f8-b91c-8ddffa057fcd
16-12-2021,16:26,16-12-2021,ADR ON SIBANYE STILLWATER LTD,US82575P1075,FX Withdrawal,,EUR,"-2425,21",EUR,"147,21",566aa76e-1960-49f8-b91c-8ddffa057fcd
16-12-2021,16:26,16-12-2021,ADR ON SIBANYE STILLWATER LTD,US82575P1075,"Kupno 226 ADR on Sibanye Stillwater Ltd@12,13 USD (US82575P1075)",,USD,"-2741,38",USD,"-2741,38",566aa76e-1960-49f8-b91c-8ddffa057fcd
16-12-2021,16:05,16-12-2021,PETROCHINA CO LTD,US71646E1001,FX Credit,"1,1322",USD,"1087,68",USD,"0,00",615f2e1b-681b-4813-b40e-f6e20d989579
16-12-2021,16:05,16-12-2021,PETROCHINA CO LTD,US71646E1001,FX Withdrawal,,EUR,"-960,71",EUR,"2572,42",615f2e1b-681b-4813-b40e-f6e20d989579
16-12-2021,16:05,16-12-2021,PETROCHINA CO LTD,US71646E1001,"Kupno 24 PetroChina Co Ltd@45,32 USD (US71646E1001)",,USD,"-1087,68",USD,"-1087,68",615f2e1b-681b-4813-b40e-f6e20d989579
16-12-2021,16:03,16-12-2021,GLAXOSMITHKLINE PLC,US37733W1053,FX Withdrawal,"1,1346",USD,"-2651,08",USD,"0,00",68ad9f68-0a23-4f6a-8e18-dfd050045ef0
16-12-2021,16:03,16-12-2021,GLAXOSMITHKLINE PLC,US37733W1053,FX Credit,,EUR,"2336,51",EUR,"3533,13",68ad9f68-0a23-4f6a-8e18-dfd050045ef0
16-12-2021,16:03,16-12-2021,GLAXOSMITHKLINE PLC,US37733W1053,"Sprzedaż 61 GlaxoSmithKline PLC@43,4603 USD (US37733W1053)",,USD,"2651,08",USD,"2651,08",68ad9f68-0a23-4f6a-8e18-dfd050045ef0
16-12-2021,09:37,15-12-2021,CAMECO CORP,CA13321L1085,Dywidenda,,CAD,"4,32",CAD,"3,24",
16-12-2021,09:37,15-12-2021,CAMECO CORP,CA13321L1085,Podatek Dywidendowy,,CAD,"-1,08",CAD,"-1,08",
02-12-2021,18:36,02-12-2021,,,"Transfer to your Cash Account at flatexDEGIRO Bank: 1 196,62 EUR",,,,EUR,"1196,62",
02-12-2021,18:36,02-12-2021,FLATEX EURO BANKACCOUNT,NLFLATEXACNT,Degiro Cash Sweep Transfer,,EUR,"-1196,62",EUR,"0,00",
02-12-2021,13:33,01-12-2021,EUR CASH FUND FUNDSHARE,NL0010661914,"Konwersja funduszu gotówkowego: Sprzedaż 1 228,4376 przy 0,9741 EUR",,EUR,"5,04",EUR,"1196,62",
23-11-2021,14:06,22-11-2021,EUR CASH FUND FUNDSHARE,NL0010661914,"Konwersja funduszu gotówkowego: Zakup 4,4018 przy  0,9746 EUR",,EUR,"-0,02",EUR,"1191,59",
20-11-2021,07:36,19-11-2021,,,FX Credit,,EUR,"4,29",EUR,"1191,61",
20-11-2021,07:36,19-11-2021,,,FX Withdrawal,"1,1293",USD,"-4,85",USD,"0,00",
19-11-2021,07:37,18-11-2021,INDUSTRIAL LOGISTICS PROPERTIES TRUST,US4562371066,Dywidenda,,USD,"6,93",USD,"4,85",
19-11-2021,07:37,18-11-2021,INDUSTRIAL LOGISTICS PROPERTIES TRUST,US4562371066,Podatek Dywidendowy,,USD,"-2,08",USD,"-2,08",
17-11-2021,12:11,16-11-2021,EUR CASH FUND FUNDSHARE,NL0010661914,"Konwersja funduszu gotówkowego: Zakup 0,122 przy  0,9747 EUR",,,,EUR,"1187,32",
16-11-2021,13:41,15-11-2021,EUR CASH FUND FUNDSHARE,NL0010661914,"Konwersja funduszu gotówkowego: Zakup 1 188,7269 przy  0,9748 EUR",,EUR,"-5,71",EUR,"1187,31",
09-11-2021,17:16,09-11-2021,ISHARES $ TREASURY BOND 20+YR UCITS,IE00BSKRJZ44,FX Credit,"1,1563",USD,"1177,28",USD,"0,00",a8ea2d39-71af-4818-a8a6-8356bc634324
09-11-2021,17:16,09-11-2021,ISHARES $ TREASURY BOND 20+YR UCITS,IE00BSKRJZ44,FX Withdrawal,,EUR,"-1018,11",EUR,"1193,02",a8ea2d39-71af-4818-a8a6-8356bc634324
09-11-2021,17:16,09-11-2021,ISHARES $ TREASURY BOND 20+YR UCITS,IE00BSKRJZ44,"Kupno 208 iShares $ Treasury Bond 20+yr UCITS ETF USD D@5,66 USD (IE00BSKRJZ44)",,USD,"-1177,28",USD,"-1177,28",a8ea2d39-71af-4818-a8a6-8356bc634324
09-11-2021,07:34,08-11-2021,,,FX Credit,,EUR,"2177,00",EUR,"2211,13",
09-11-2021,07:34,08-11-2021,,,FX Withdrawal,"4,5935",PLN,"-10000,00",PLN,"0,00",
08-11-2021,19:12,08-11-2021,,,Depozyt,,PLN,"10000,00",PLN,"10000,00",
03-11-2021,00:00,02-11-2021,EUR CASH FUND FUNDSHARE,NL0010661914,Zmiana ceny funduszu gotówkowego (EUR),,EUR,"-0,35",EUR,"34,13",
29-10-2021,15:03,28-10-2021,EUR CASH FUND FUNDSHARE,NL0010661914,"Konwersja funduszu gotówkowego: Sprzedaż 0,1255 przy 0,975 EUR",,,,EUR,"34,49",
28-10-2021,12:01,27-10-2021,EUR CASH FUND FUNDSHARE,NL0010661914,"Konwersja funduszu gotówkowego: Sprzedaż 1 223,6693 przy 0,975 EUR",,EUR,"-6,12",EUR,"34,48",
27-10-2021,21:14,27-10-2021,CAMECO CORP,CA13321L1085,FX Credit,"1,1592",USD,"1382,40",USD,"0,00",d9974c3a-c249-4f73-b695-6d547443154e
27-10-2021,21:14,27-10-2021,CAMECO CORP,CA13321L1085,FX Withdrawal,,EUR,"-1192,51",EUR,"40,60",d9974c3a-c249-4f73-b695-6d547443154e
27-10-2021,21:14,27-10-2021,CAMECO CORP,CA13321L1085,DEGIRO Opłata Transakcyjna i/lub opłata stron trzecich,,EUR,"-0,19",EUR,"1233,11",d9974c3a-c249-4f73-b695-6d547443154e
27-10-2021,21:14,27-10-2021,CAMECO CORP,CA13321L1085,DEGIRO Opłata Transakcyjna i/lub opłata stron trzecich,,EUR,"-0,50",EUR,"1233,30",d9974c3a-c249-4f73-b695-6d547443154e
27-10-2021,21:14,27-10-2021,CAMECO CORP,CA13321L1085,"Kupno 54 Cameco Corp@25,6 USD (CA13321L1085)",,USD,"-1382,40",USD,"-1382,40",d9974c3a-c249-4f73-b695-6d547443154e
26-10-2021,13:21,25-10-2021,EUR CASH FUND FUNDSHARE,NL0010661914,"Konwersja funduszu gotówkowego: Zakup 0,1118 przy  0,9751 EUR",,,,EUR,"1233,80",
25-10-2021,15:41,22-10-2021,EUR CASH FUND FUNDSHARE,NL0010661914,"Konwersja funduszu gotówkowego: Zakup 1 089,6841 przy  0,9751 EUR",,EUR,"5,34",EUR,"1233,80",
22-10-2021,16:47,22-10-2021,ADR ON RIO TINTO PLC,US7672041008,FX Credit,"1,1629",USD,"1710,02",USD,"0,00",ff0360c8-274c-4f24-affe-8214ef6f8eea
22-10-2021,16:47,22-10-2021,ADR ON RIO TINTO PLC,US7672041008,FX Withdrawal,,EUR,"-1470,43",EUR,"1228,47",ff0360c8-274c-4f24-affe-8214ef6f8eea
22-10-2021,16:47,22-10-2021,ADR ON RIO TINTO PLC,US7672041008,DEGIRO Opłata Transakcyjna i/lub opłata stron trzecich,,EUR,"-0,09",EUR,"2698,90",ff0360c8-274c-4f24-affe-8214ef6f8eea
22-10-2021,16:47,22-10-2021,ADR ON RIO TINTO PLC,US7672041008,DEGIRO Opłata Transakcyjna i/lub opłata stron trzecich,,EUR,"-0,50",EUR,"2698,99",ff0360c8-274c-4f24-affe-8214ef6f8eea
22-10-2021,16:47,22-10-2021,ADR ON RIO TINTO PLC,US7672041008,"Kupno 26 ADR on Rio Tinto PLC@65,77 USD (US7672041008)",,USD,"-1710,02",USD,"-1710,02",ff0360c8-274c-4f24-affe-8214ef6f8eea
22-10-2021,16:37,22-10-2021,GAZPROM PAO,US3682872078,DEGIRO Opłata Transakcyjna i/lub opłata stron trzecich,,EUR,"-1,27",EUR,"2699,49",0beb6da3-e667-465b-9ec1-827048f73a52
22-10-2021,16:37,22-10-2021,GAZPROM PAO,US3682872078,DEGIRO Opłata Transakcyjna i/lub opłata stron trzecich,,EUR,"-4,00",EUR,"2700,76",0beb6da3-e667-465b-9ec1-827048f73a52
22-10-2021,16:37,22-10-2021,GAZPROM PAO,US3682872078,"Sprzedaż 290 Gazprom PAO@8,755 EUR (US3682872078)",,EUR,"2538,95",EUR,"2704,76",0beb6da3-e667-465b-9ec1-827048f73a52
13-10-2021,12:27,12-10-2021,EUR CASH FUND FUNDSHARE,NL0010661914,"Konwersja funduszu gotówkowego: Sprzedaż 0,6765 przy 0,9755 EUR",,,,EUR,"165,81",
12-10-2021,12:01,11-10-2021,EUR CASH FUND FUNDSHARE,NL0010661914,"Konwersja funduszu gotówkowego: Zakup 28,2042 przy  0,9755 EUR",,EUR,"0,13",EUR,"165,80",
12-10-2021,07:33,11-10-2021,,,FX Withdrawal,,EUR,"-0,66",EUR,"165,68",
12-10-2021,07:33,11-10-2021,,,FX Credit,"1,1542",USD,"0,77",USD,"0,00",
11-10-2021,10:00,07-10-2021,GLAXOSMITHKLINE PLC,US37733W1053,Dywidenda,,USD,"-32,34",USD,"-0,77",
11-10-2021,10:00,07-10-2021,GLAXOSMITHKLINE PLC,US37733W1053,Dywidenda,,USD,"31,57",USD,"31,57",
09-10-2021,07:31,08-10-2021,,,FX Credit,,EUR,"27,51",EUR,"166,34",
09-10-2021,07:31,08-10-2021,,,FX Withdrawal,"1,1586",USD,"-31,88",USD,"0,00",
08-10-2021,07:51,07-10-2021,GLAXOSMITHKLINE PLC,US37733W1053,Dywidenda,,USD,"32,34",USD,"31,88",
08-10-2021,07:51,07-10-2021,GLAXOSMITHKLINE PLC,US37733W1053,ADR/GDR Pass-Through Fee,,USD,"-0,46",USD,"-0,46",
05-10-2021,12:01,04-10-2021,EUR CASH FUND FUNDSHARE,NL0010661914,"Konwersja funduszu gotówkowego: Zakup 32,4685 przy  0,9756 EUR",,EUR,"0,14",EUR,"138,83",
04-10-2021,12:15,01-10-2021,EUR CASH FUND FUNDSHARE,NL0010661914,"Konwersja funduszu gotówkowego: Zakup 105,3299 przy  0,9757 EUR",,EUR,"0,45",EUR,"138,69",
02-10-2021,10:47,30-09-2021,,,DEGIRO Exchange Connection Fee 2021 (Oslo Børs - OSL),,EUR,"-2,50",EUR,"138,23",
02-10-2021,07:33,01-10-2021,,,FX Withdrawal,,EUR,"34,19",EUR,"140,73",
02-10-2021,07:33,01-10-2021,,,FX Withdrawal,"1,1604",USD,"-39,68",USD,"0,00",
01-10-2021,08:59,30-09-2021,ADR ON SIBANYE STILLWATER LTD,US82575P1075,Dywidenda,,USD,"49,60",USD,"39,68",
01-10-2021,08:59,30-09-2021,ADR ON SIBANYE STILLWATER LTD,US82575P1075,Podatek Dywidendowy,,USD,"-9,92",USD,"-9,92",
01-10-2021,07:38,30-09-2021,,,FX Withdrawal,,EUR,"102,76",EUR,"106,54",
01-10-2021,07:38,30-09-2021,,,FX Withdrawal,"1,1588",USD,"-119,09",USD,"0,00",
30-09-2021,09:58,29-09-2021,ISHARES EM DIVIDEND UCITS ETF USD (DIST),IE00B652H904,Dywidenda,,USD,"119,10",USD,"119,09",
23-09-2021,12:01,22-09-2021,EUR CASH FUND FUNDSHARE,NL0010661914,"Konwersja funduszu gotówkowego: Sprzedaż 2 364,7401 przy 0,9759 EUR",,EUR,"-9,70",EUR,"3,78",
22-09-2021,13:01,22-09-2021,GAZPROM PAO,US3682872078,DEGIRO Opłata Transakcyjna i/lub opłata stron trzecich,,EUR,"-1,15",EUR,"13,48",06394f8f-2141-40d4-879b-e7635e0d2a01
22-09-2021,13:01,22-09-2021,GAZPROM PAO,US3682872078,DEGIRO Opłata Transakcyjna i/lub opłata stron trzecich,,EUR,"-4,00",EUR,"14,63",06394f8f-2141-40d4-879b-e7635e0d2a01
22-09-2021,13:01,22-09-2021,GAZPROM PAO,US3682872078,"Kupno 290 Gazprom PAO@7,94 EUR (US3682872078)",,EUR,"-2302,60",EUR,"18,63",06394f8f-2141-40d4-879b-e7635e0d2a01
22-09-2021,12:27,21-09-2021,EUR CASH FUND FUNDSHARE,NL0010661914,"Konwersja funduszu gotówkowego: Zakup 1 062,2399 przy  0,9759 EUR",,EUR,"4,36",EUR,"2321,23",
21-09-2021,09:04,21-09-2021,GAZPROM PAO,US3682872078,DEGIRO Opłata Transakcyjna i/lub opłata stron trzecich,,EUR,"-1,14",EUR,"2316,87",6dd6c76c-b00f-4d3a-9797-c4ae8c4a50e1
21-09-2021,09:04,21-09-2021,GAZPROM PAO,US3682872078,DEGIRO Opłata Transakcyjna i/lub opłata stron trzecich,,EUR,"-4,00",EUR,"2318,01",6dd6c76c-b00f-4d3a-9797-c4ae8c4a50e1
21-09-2021,09:04,21-09-2021,GAZPROM PAO,US3682872078,"Sprzedaż 300 Gazprom PAO@7,625 EUR (US3682872078)",,EUR,"2287,50",EUR,"2322,01",6dd6c76c-b00f-4d3a-9797-c4ae8c4a50e1
21-09-2021,09:01,21-09-2021,ISHARES $ TREASURY BOND 20+YR UCITS,IE00BSKRJZ44,FX Credit,"1,1717",USD,"1459,64",USD,"-0,01",03417fb5-fc29-43c8-90bf-886af573ed4a
21-09-2021,09:01,21-09-2021,ISHARES $ TREASURY BOND 20+YR UCITS,IE00BSKRJZ44,FX Withdrawal,,EUR,"-1245,72",EUR,"34,51",03417fb5-fc29-43c8-90bf-886af573ed4a
21-09-2021,09:01,21-09-2021,ISHARES $ TREASURY BOND 20+YR UCITS,IE00BSKRJZ44,"Kupno 260 iShares $ Treasury Bond 20+yr UCITS ETF USD D@5,614 USD (IE00BSKRJZ44)",,USD,"-1459,64",USD,"-1459,65",03417fb5-fc29-43c8-90bf-886af573ed4a
20-09-2021,14:11,17-09-2021,EUR CASH FUND FUNDSHARE,NL0010661914,"Konwersja funduszu gotówkowego: Sprzedaż 1 016,629 przy 0,976 EUR",,EUR,"-4,07",EUR,"1280,23",
17-09-2021,09:00,17-09-2021,YARA INTERNATIONAL ASA,NO0010208051,FX Credit,"10,1371",NO,"10012,80",NO,"0,00",29479e48-ec29-4111-adb9-94c296dce60c
17-09-2021,09:00,17-09-2021,YARA INTERNATIONAL ASA,NO0010208051,FX Withdrawal,,EUR,"-987,74",EUR,"1284,30",29479e48-ec29-4111-adb9-94c296dce60c
17-09-2021,09:00,17-09-2021,YARA INTERNATIONAL ASA,NO0010208051,DEGIRO Opłata Transakcyjna i/lub opłata stron trzecich,,EUR,"-0,49",EUR,"2272,04",29479e48-ec29-4111-adb9-94c296dce60c
17-09-2021,09:00,17-09-2021,YARA INTERNATIONAL ASA,NO0010208051,DEGIRO Opłata Transakcyjna i/lub opłata stron trzecich,,EUR,"-4,00",EUR,"2272,53",29479e48-ec29-4111-adb9-94c296dce60c
17-09-2021,09:00,17-09-2021,YARA INTERNATIONAL ASA,NO0010208051,"Kupno 24 Yara International ASA@417,2 NOK (NO0010208051)",,NO,"-10012,80",NO,"-10012,80",29479e48-ec29-4111-adb9-94c296dce60c
14-09-2021,12:01,13-09-2021,EUR CASH FUND FUNDSHARE,NL0010661914,"Konwersja funduszu gotówkowego: Zakup 2 253,865 przy  0,9761 EUR",,EUR,"8,79",EUR,"2276,53",
10-09-2021,07:30,09-09-2021,,,FX Withdrawal,,EUR,"2200,00",EUR,"2267,74",
10-09-2021,07:30,09-09-2021,,,FX Withdrawal,"4,5455",PLN,"-10000,00",PLN,"0,00",
09-09-2021,12:35,09-09-2021,,,Depozyt,,PLN,"10000,00",PLN,"10000,00",
06-09-2021,15:29,31-08-2021,,,Odsetki,,USD,"-0,01",USD,"-0,01",
25-08-2021,12:01,24-08-2021,EUR CASH FUND FUNDSHARE,NL0010661914,"Konwersja funduszu gotówkowego: Sprzedaż 22,6807 przy 0,9765 EUR",,EUR,"-0,08",EUR,"67,74",
24-08-2021,12:01,23-08-2021,EUR CASH FUND FUNDSHARE,NL0010661914,"Konwersja funduszu gotówkowego: Sprzedaż 173,4795 przy 0,9766 EUR",,EUR,"-0,59",EUR,"67,81",
24-08-2021,07:32,23-08-2021,,,FX Withdrawal,,EUR,"-22,15",EUR,"68,40",
24-08-2021,07:32,23-08-2021,,,FX Withdrawal,"1,1735",USD,"26,00",USD,"0,00",
23-08-2021,21:47,23-08-2021,INDUSTRIAL LOGISTICS PROPERTIES TRUST,US4562371066,FX Credit,"1,1734",USD,"573,09",USD,"-26,00",04bb9967-88d5-44a4-a022-83048df6c117
23-08-2021,21:47,23-08-2021,INDUSTRIAL LOGISTICS PROPERTIES TRUST,US4562371066,FX Withdrawal,,EUR,"-488,39",EUR,"90,55",04bb9967-88d5-44a4-a022-83048df6c117
23-08-2021,21:47,23-08-2021,INDUSTRIAL LOGISTICS PROPERTIES TRUST,US4562371066,DEGIRO Opłata Transakcyjna i/lub opłata stron trzecich,,EUR,"-0,07",EUR,"578,94",04bb9967-88d5-44a4-a022-83048df6c117
23-08-2021,21:47,23-08-2021,INDUSTRIAL LOGISTICS PROPERTIES TRUST,US4562371066,DEGIRO Opłata Transakcyjna i/lub opłata stron trzecich,,EUR,"-0,50",EUR,"579,01",04bb9967-88d5-44a4-a022-83048df6c117
23-08-2021,21:47,23-08-2021,INDUSTRIAL LOGISTICS PROPERTIES TRUST,US4562371066,"Kupno 21 Industrial Logistics Properties Trust@27,29 USD (US4562371066)",,USD,"-573,09",USD,"-599,09",04bb9967-88d5-44a4-a022-83048df6c117
23-08-2021,10:28,18-08-2021,GAZPROM PAO,US3682872078,ADR/GDR Pass-Through Fee,,USD,"-26,00",USD,"-26,00",
21-08-2021,07:30,20-08-2021,,,FX Withdrawal,,EUR,"319,54",EUR,"579,51",
21-08-2021,07:30,20-08-2021,,,FX Withdrawal,"1,1712",USD,"-374,24",USD,"0,00",
20-08-2021,14:01,18-08-2021,GAZPROM PAO,US3682872078,Dywidenda,,USD,"440,28",USD,"374,24",
20-08-2021,14:01,18-08-2021,GAZPROM PAO,US3682872078,Podatek Dywidendowy,,USD,"-66,04",USD,"-66,04",
20-08-2021,12:01,19-08-2021,EUR CASH FUND FUNDSHARE,NL0010661914,"Konwersja funduszu gotówkowego: Sprzedaż 1 001,2389 przy 0,9766 EUR",,EUR,"-3,40",EUR,"259,97",
19-08-2021,09:06,19-08-2021,KRANESHARES CSI CHINA INTERNET UCITS,IE00BFXR7892,FX Credit,"1,1667",USD,"27,76",USD,"0,00",03b6f8b5-2ded-4f5e-8bcd-1cb2fffef5b7
19-08-2021,09:06,19-08-2021,KRANESHARES CSI CHINA INTERNET UCITS,IE00BFXR7892,FX Withdrawal,,EUR,"-23,79",EUR,"263,38",03b6f8b5-2ded-4f5e-8bcd-1cb2fffef5b7
19-08-2021,09:06,19-08-2021,KRANESHARES CSI CHINA INTERNET UCITS,IE00BFXR7892,DEGIRO Opłata Transakcyjna i/lub opłata stron trzecich,,EUR,"-0,01",EUR,"287,17",03b6f8b5-2ded-4f5e-8bcd-1cb2fffef5b7
19-08-2021,09:06,19-08-2021,KRANESHARES CSI CHINA INTERNET UCITS,IE00BFXR7892,FX Credit,"1,1667",USD,"1110,40",USD,"-27,76",03b6f8b5-2ded-4f5e-8bcd-1cb2fffef5b7
19-08-2021,09:06,19-08-2021,KRANESHARES CSI CHINA INTERNET UCITS,IE00BFXR7892,FX Withdrawal,,EUR,"-951,72",EUR,"287,18",03b6f8b5-2ded-4f5e-8bcd-1cb2fffef5b7
19-08-2021,09:06,19-08-2021,KRANESHARES CSI CHINA INTERNET UCITS,IE00BFXR7892,DEGIRO Opłata Transakcyjna i/lub opłata stron trzecich,,EUR,"-0,29",EUR,"1238,90",03b6f8b5-2ded-4f5e-8bcd-1cb2fffef5b7
19-08-2021,09:06,19-08-2021,KRANESHARES CSI CHINA INTERNET UCITS,IE00BFXR7892,DEGIRO Opłata Transakcyjna i/lub opłata stron trzecich,,EUR,"-2,00",EUR,"1239,19",03b6f8b5-2ded-4f5e-8bcd-1cb2fffef5b7
19-08-2021,09:06,19-08-2021,KRANESHARES CSI CHINA INTERNET UCITS,IE00BFXR7892,"Kupno 1 KraneShares CSI China Internet UCITS ETF USD@27,76 USD (IE00BFXR7892)",,USD,"-27,76",USD,"-1138,16",03b6f8b5-2ded-4f5e-8bcd-1cb2fffef5b7
19-08-2021,09:06,19-08-2021,KRANESHARES CSI CHINA INTERNET UCITS,IE00BFXR7892,"Kupno 40 KraneShares CSI China Internet UCITS ETF USD@27,76 USD (IE00BFXR7892)",,USD,"-1110,40",USD,"-1110,40",03b6f8b5-2ded-4f5e-8bcd-1cb2fffef5b7
17-08-2021,13:38,16-08-2021,EUR CASH FUND FUNDSHARE,NL0010661914,"Konwersja funduszu gotówkowego: Zakup 1 121,1222 przy  0,9767 EUR",,EUR,"3,70",EUR,"1241,19",
14-08-2021,07:41,13-08-2021,,,FX Withdrawal,,EUR,"1095,00",EUR,"1237,49",
14-08-2021,07:41,13-08-2021,,,FX Withdrawal,"4,5662",PLN,"-5000,00",PLN,"0,00",
13-08-2021,16:49,13-08-2021,,,Depozyt,,PLN,"5000,00",PLN,"5000,00",
13-08-2021,12:22,12-08-2021,EUR CASH FUND FUNDSHARE,NL0010661914,"Konwersja funduszu gotówkowego: Zakup 0,0102 przy  0,9767 EUR",,,,EUR,"142,49",
12-08-2021,07:30,11-08-2021,,,FX Withdrawal,,EUR,"0,01",EUR,"142,49",
12-08-2021,07:30,11-08-2021,,,FX Withdrawal,"9,1416",HKD,"-0,16",HKD,"0,00",
11-08-2021,10:08,06-08-2021,BYD CO LTD,CNE100000296,Dywidenda,,HKD,"0,18",HKD,"0,16",
11-08-2021,10:08,06-08-2021,BYD CO LTD,CNE100000296,Podatek Dywidendowy,,HKD,"-0,02",HKD,"-0,02",
10-08-2021,12:01,09-08-2021,EUR CASH FUND FUNDSHARE,NL0010661914,"Konwersja funduszu gotówkowego: Zakup 9,1859 przy  0,9768 EUR",,EUR,"0,03",EUR,"142,48",
07-08-2021,07:28,06-08-2021,,,FX Withdrawal,,EUR,"8,97",EUR,"142,45",
07-08-2021,07:28,06-08-2021,,,FX Withdrawal,"1,5950",SG,"-14,31",SG,"0,00",
06-08-2021,07:25,05-08-2021,UBS MSCI SINGAPORE UCITS ETF SGD DIS,LU1169825954,Dywidenda,,SG,"14,31",SG,"14,31",
14-07-2021,12:01,13-07-2021,EUR CASH FUND FUNDSHARE,NL0010661914,"Konwersja funduszu gotówkowego: Zakup 27,2253 przy  0,9773 EUR",,EUR,"0,07",EUR,"133,48",
12-07-2021,12:08,09-07-2021,,,FX Withdrawal,,EUR,"26,61",EUR,"133,41",
12-07-2021,12:08,09-07-2021,,,FX Withdrawal,"1,1890",USD,"-31,64",USD,"0,00",
09-07-2021,10:19,08-07-2021,GLAXOSMITHKLINE PLC,US37733W1053,Dywidenda,,USD,"32,10",USD,"31,64",
09-07-2021,10:19,08-07-2021,GLAXOSMITHKLINE PLC,US37733W1053,ADR/GDR Pass-Through Fee,,USD,"-0,46",USD,"-0,46",
05-07-2021,14:32,02-07-2021,EUR CASH FUND FUNDSHARE,NL0010661914,"Konwersja funduszu gotówkowego: Zakup 88,758 przy  0,9776 EUR",,EUR,"0,21",EUR,"106,80",
02-07-2021,09:59,01-07-2021,,,FX Withdrawal,,EUR,"86,77",EUR,"106,59",
02-07-2021,09:59,01-07-2021,,,FX Withdrawal,"1,1862",USD,"-102,93",USD,"0,00",
01-07-2021,09:22,30-06-2021,ISHARES $ TREASURY BOND 20+YR UCITS,IE00BSKRJZ44,Dywidenda,,USD,"0,05",USD,"102,93",
01-07-2021,09:19,30-06-2021,ISHARES EM DIVIDEND UCITS ETF USD (DIST),IE00B652H904,Dywidenda,,USD,"102,88",USD,"102,88",
10-05-2021,13:19,07-05-2021,EUR CASH FUND FUNDSHARE,NL0010661914,"Konwersja funduszu gotówkowego: Sprzedaż 4,1989 przy 0,9788 EUR",,EUR,"-0,01",EUR,"19,82",
07-05-2021,17:24,07-05-2021,VANECK JUNIOR GOLD MINERS UCITS ETF,IE00BQQP9G91,FX Credit,"0,8677",GBP,"1031,58",GBP,"0,00",081dcb9e-e87c-4ba6-a8c3-d3ca67c5a832
07-05-2021,17:24,07-05-2021,VANECK JUNIOR GOLD MINERS UCITS ETF,IE00BQQP9G91,FX Withdrawal,,EUR,"-1188,82",EUR,"19,82",081dcb9e-e87c-4ba6-a8c3-d3ca67c5a832
07-05-2021,17:24,07-05-2021,VANECK JUNIOR GOLD MINERS UCITS ETF,IE00BQQP9G91,DEGIRO Opłata Transakcyjna i/lub opłata stron trzecich,,EUR,"-0,36",EUR,"1208,64",081dcb9e-e87c-4ba6-a8c3-d3ca67c5a832
07-05-2021,17:24,07-05-2021,VANECK JUNIOR GOLD MINERS UCITS ETF,IE00BQQP9G91,DEGIRO Opłata Transakcyjna i/lub opłata stron trzecich,,EUR,"-2,00",EUR,"1209,00",081dcb9e-e87c-4ba6-a8c3-d3ca67c5a832
07-05-2021,17:24,07-05-2021,VANECK JUNIOR GOLD MINERS UCITS ETF,IE00BQQP9G91,"Kupno 33 VanEck Junior Gold Miners UCITS ETF USD A@31,26 GBP (IE00BQQP9G91)",,GBP,"-1031,58",GBP,"-1031,58",081dcb9e-e87c-4ba6-a8c3-d3ca67c5a832
07-05-2021,12:28,06-05-2021,EUR CASH FUND FUNDSHARE,NL0010661914,"Konwersja funduszu gotówkowego: Zakup 5,2921 przy  0,9788 EUR",,EUR,"0,01",EUR,"1211,00",
07-05-2021,11:35,06-05-2021,,,FX Withdrawal,,EUR,"1187,07",EUR,"1211,00",
07-05-2021,11:35,06-05-2021,,,FX Withdrawal,"4,5704",PLN,"-5425,40",PLN,"0,00",
06-05-2021,17:30,06-05-2021,ADR ON SIBANYE STILLWATER LTD,US82575P1075,FX Credit,"1,2041",USD,"1197,00",USD,"0,00",a0302833-b8cb-4a10-ae8b-aa7a254e3681
06-05-2021,17:30,06-05-2021,ADR ON SIBANYE STILLWATER LTD,US82575P1075,FX Withdrawal,,EUR,"-994,11",EUR,"23,93",a0302833-b8cb-4a10-ae8b-aa7a254e3681
06-05-2021,17:30,06-05-2021,ADR ON SIBANYE STILLWATER LTD,US82575P1075,DEGIRO Opłata Transakcyjna i/lub opłata stron trzecich,,EUR,"-0,21",EUR,"1018,04",a0302833-b8cb-4a10-ae8b-aa7a254e3681
06-05-2021,17:30,06-05-2021,ADR ON SIBANYE STILLWATER LTD,US82575P1075,DEGIRO Opłata Transakcyjna i/lub opłata stron trzecich,,EUR,"-0,50",EUR,"1018,25",a0302833-b8cb-4a10-ae8b-aa7a254e3681
06-05-2021,17:30,06-05-2021,ADR ON SIBANYE STILLWATER LTD,US82575P1075,Kupno 63 ADR on Sibanye Stillwater Ltd@19 USD (US82575P1075),,USD,"-1197,00",USD,"-1197,00",a0302833-b8cb-4a10-ae8b-aa7a254e3681
06-05-2021,17:28,06-05-2021,EUR/PLN,,FX Withdrawal,"4,5740",PLN,"-4574,60",PLN,"5425,40",
06-05-2021,17:28,06-05-2021,EUR/PLN,,FX Credit,,EUR,"1000,00",EUR,"1018,75",
06-05-2021,13:04,06-05-2021,,,Depozyt,,PLN,"10000,00",PLN,"10000,00",
04-05-2021,12:37,03-05-2021,EUR CASH FUND FUNDSHARE,NL0010661914,"Konwersja funduszu gotówkowego: Sprzedaż 2,5575 przy 0,9789 EUR",,,,EUR,"18,75",
03-05-2021,17:14,30-04-2021,,,DEGIRO Exchange Connection Fee 2021 (NYSE American - ASE),,EUR,"-2,50",EUR,"18,75",
09-04-2021,14:03,08-04-2021,EUR CASH FUND FUNDSHARE,NL0010661914,"Konwersja funduszu gotówkowego: Sprzedaż 35,6647 przy 0,9793 EUR",,EUR,"-0,02",EUR,"21,25",
08-04-2021,16:08,08-04-2021,ENERGY FUELS INC,CA2926717083,FX Credit,"1,1890",USD,"1192,98",USD,"0,00",ac5a3bc4-f414-46db-abdf-fa6fb96fb051
08-04-2021,16:08,08-04-2021,ENERGY FUELS INC,CA2926717083,FX Withdrawal,,EUR,"-1003,34",EUR,"21,27",ac5a3bc4-f414-46db-abdf-fa6fb96fb051
08-04-2021,16:08,08-04-2021,ENERGY FUELS INC,CA2926717083,DEGIRO Opłata Transakcyjna i/lub opłata stron trzecich,,EUR,"-0,60",EUR,"1024,61",ac5a3bc4-f414-46db-abdf-fa6fb96fb051
08-04-2021,16:08,08-04-2021,ENERGY FUELS INC,CA2926717083,DEGIRO Opłata Transakcyjna i/lub opłata stron trzecich,,EUR,"-0,50",EUR,"1025,21",ac5a3bc4-f414-46db-abdf-fa6fb96fb051
08-04-2021,16:08,08-04-2021,ENERGY FUELS INC,CA2926717083,"Kupno 177 Energy Fuels Inc@6,74 USD (CA2926717083)",,USD,"-1192,98",USD,"-1192,98",ac5a3bc4-f414-46db-abdf-fa6fb96fb051
08-04-2021,16:00,08-04-2021,GAZPROM PAO,US3682872078,DEGIRO Opłata Transakcyjna i/lub opłata stron trzecich,,EUR,"-0,49",EUR,"1025,71",301f4ab2-3965-4aaf-8a44-b504df3d72cc
08-04-2021,16:00,08-04-2021,GAZPROM PAO,US3682872078,DEGIRO Opłata Transakcyjna i/lub opłata stron trzecich,,EUR,"-4,00",EUR,"1026,20",301f4ab2-3965-4aaf-8a44-b504df3d72cc
08-04-2021,16:00,08-04-2021,GAZPROM PAO,US3682872078,"Sprzedaż 200 Gazprom PAO@4,87 EUR (US3682872078)",,EUR,"974,00",EUR,"1030,20",301f4ab2-3965-4aaf-8a44-b504df3d72cc
07-04-2021,12:04,06-04-2021,EUR CASH FUND FUNDSHARE,NL0010661914,"Konwersja funduszu gotówkowego: Sprzedaż 5,1051 przy 0,9794 EUR",,,,EUR,"56,20",
01-04-2021,12:03,31-03-2021,,,DEGIRO Exchange Connection Fee 2021 (SIX Swiss Exchange (SWX) - SWX),,EUR,"-2,50",EUR,"56,21",
01-04-2021,12:03,31-03-2021,,,DEGIRO Exchange Connection Fee 2021 (New York Stock Exchange - NSY),,EUR,"-2,50",EUR,"58,71",
29-03-2021,12:03,26-03-2021,EUR CASH FUND FUNDSHARE,NL0010661914,"Konwersja funduszu gotówkowego: Zakup 17,3714 przy  0,9795 EUR",,EUR,"0,01",EUR,"61,21",
26-03-2021,09:31,25-03-2021,,,FX Withdrawal,,EUR,"17,02",EUR,"61,19",
26-03-2021,09:31,25-03-2021,,,FX Withdrawal,"1,1775",USD,"-20,05",USD,"0,00",
25-03-2021,08:39,24-03-2021,ISHARES EM DIVIDEND UCITS ETF USD (DIST),IE00B652H904,Dywidenda,,USD,"20,05",USD,"20,05",
24-03-2021,12:04,23-03-2021,EUR CASH FUND FUNDSHARE,NL0010661914,"Konwersja funduszu gotówkowego: Sprzedaż 46,9069 przy 0,9795 EUR",,EUR,"-0,02",EUR,"44,17",
23-03-2021,14:30,23-03-2021,GLAXOSMITHKLINE PLC,US37733W1053,FX Credit,"1,1863",USD,"1740,00",USD,"0,00",ca967a0e-c9c8-46ce-8911-c693bd11361e
23-03-2021,14:30,23-03-2021,GLAXOSMITHKLINE PLC,US37733W1053,FX Withdrawal,,EUR,"-1466,73",EUR,"44,20",ca967a0e-c9c8-46ce-8911-c693bd11361e
23-03-2021,14:30,23-03-2021,GLAXOSMITHKLINE PLC,US37733W1053,DEGIRO Opłata Transakcyjna i/lub opłata stron trzecich,,EUR,"-0,16",EUR,"1510,93",ca967a0e-c9c8-46ce-8911-c693bd11361e
23-03-2021,14:30,23-03-2021,GLAXOSMITHKLINE PLC,US37733W1053,DEGIRO Opłata Transakcyjna i/lub opłata stron trzecich,,EUR,"-0,50",EUR,"1511,09",ca967a0e-c9c8-46ce-8911-c693bd11361e
23-03-2021,14:30,23-03-2021,GLAXOSMITHKLINE PLC,US37733W1053,"Kupno 48 GlaxoSmithKline PLC@36,25 USD (US37733W1053)",,USD,"-1740,00",USD,"-1740,00",ca967a0e-c9c8-46ce-8911-c693bd11361e
23-03-2021,10:57,23-03-2021,UBS MSCI SINGAPORE UCITS ETF SGD DIS,LU1169825954,FX Credit,"1,1883",USD,"894,00",USD,"0,00",0d044399-d67a-4268-8ab8-e4aca2dcf4a9
23-03-2021,10:57,23-03-2021,UBS MSCI SINGAPORE UCITS ETF SGD DIS,LU1169825954,FX Withdrawal,,EUR,"-752,33",EUR,"1511,59",0d044399-d67a-4268-8ab8-e4aca2dcf4a9
23-03-2021,10:57,23-03-2021,UBS MSCI SINGAPORE UCITS ETF SGD DIS,LU1169825954,DEGIRO Opłata Transakcyjna i/lub opłata stron trzecich,,EUR,"-0,23",EUR,"2263,92",0d044399-d67a-4268-8ab8-e4aca2dcf4a9
23-03-2021,10:57,23-03-2021,UBS MSCI SINGAPORE UCITS ETF SGD DIS,LU1169825954,DEGIRO Opłata Transakcyjna i/lub opłata stron trzecich,,EUR,"-2,00",EUR,"2264,15",0d044399-d67a-4268-8ab8-e4aca2dcf4a9
23-03-2021,10:57,23-03-2021,UBS MSCI SINGAPORE UCITS ETF SGD DIS,LU1169825954,"Kupno 50 UBS MSCI Singapore UCITS ETF SGD dis@17,88 USD (LU1169825954)",,USD,"-894,00",USD,"-894,00",0d044399-d67a-4268-8ab8-e4aca2dcf4a9
23-03-2021,08:17,22-03-2021,,,FX Withdrawal,,EUR,"2176,00",EUR,"2266,15",
23-03-2021,08:17,22-03-2021,,,FX Withdrawal,"4,5956",PLN,"-10000,00",PLN,"0,00",
22-03-2021,16:40,22-03-2021,,,Depozyt,,PLN,"10000,00",PLN,"10000,00",
10-03-2021,12:04,09-03-2021,EUR CASH FUND FUNDSHARE,NL0010661914,"Konwersja funduszu gotówkowego: Sprzedaż 0,0325 przy 0,9798 EUR",,,,EUR,"90,15",
09-03-2021,12:47,08-03-2021,EUR CASH FUND FUNDSHARE,NL0010661914,"Konwersja funduszu gotówkowego: Sprzedaż 317,4812 przy 0,9798 EUR",,EUR,"-0,06",EUR,"90,15",
08-03-2021,17:05,08-03-2021,GLAXOSMITHKLINE PLC,US37733W1053,FX Credit,"1,1846",USD,"454,74",USD,"0,00",46e53192-d0bd-4d91-a87a-2af35a60cb6f
08-03-2021,17:05,08-03-2021,GLAXOSMITHKLINE PLC,US37733W1053,FX Withdrawal,,EUR,"-383,87",EUR,"90,21",46e53192-d0bd-4d91-a87a-2af35a60cb6f
08-03-2021,17:05,08-03-2021,GLAXOSMITHKLINE PLC,US37733W1053,DEGIRO Opłata Transakcyjna i/lub opłata stron trzecich,,EUR,"-0,04",EUR,"474,08",46e53192-d0bd-4d91-a87a-2af35a60cb6f
08-03-2021,17:05,08-03-2021,GLAXOSMITHKLINE PLC,US37733W1053,DEGIRO Opłata Transakcyjna i/lub opłata stron trzecich,,EUR,"-0,50",EUR,"474,12",46e53192-d0bd-4d91-a87a-2af35a60cb6f
08-03-2021,17:05,08-03-2021,GLAXOSMITHKLINE PLC,US37733W1053,"Kupno 13 GlaxoSmithKline PLC@34,98 USD (US37733W1053)",,USD,"-454,74",USD,"-454,74",46e53192-d0bd-4d91-a87a-2af35a60cb6f
08-03-2021,17:01,08-03-2021,ISHARES MSCI CHINA UCITS ETF USD ACC,IE00BJ5JPG56,FX Withdrawal,"1,1867",USD,"-74,35",USD,"0,00",08afe339-809f-4b49-bf71-a5d983ca233b
08-03-2021,17:01,08-03-2021,ISHARES MSCI CHINA UCITS ETF USD ACC,IE00BJ5JPG56,FX Credit,,EUR,"62,65",EUR,"474,62",08afe339-809f-4b49-bf71-a5d983ca233b
08-03-2021,17:01,08-03-2021,ISHARES MSCI CHINA UCITS ETF USD ACC,IE00BJ5JPG56,DEGIRO Opłata Transakcyjna i/lub opłata stron trzecich,,EUR,"-0,02",EUR,"411,97",08afe339-809f-4b49-bf71-a5d983ca233b
08-03-2021,17:01,08-03-2021,ISHARES MSCI CHINA UCITS ETF USD ACC,IE00BJ5JPG56,DEGIRO Opłata Transakcyjna i/lub opłata stron trzecich,,EUR,"-2,00",EUR,"411,99",08afe339-809f-4b49-bf71-a5d983ca233b
08-03-2021,17:01,08-03-2021,ISHARES MSCI CHINA UCITS ETF USD ACC,IE00BJ5JPG56,"Sprzedaż 10 iShares MSCI China UCITS ETF USD Acc@7,4349 USD (IE00BJ5JPG56)",,USD,"74,35",USD,"74,35",08afe339-809f-4b49-bf71-a5d983ca233b
08-03-2021,17:01,08-03-2021,NAK KAZATOMPROM AO,US63253R2013,DEGIRO Opłata Transakcyjna i/lub opłata stron trzecich,,EUR,"-0,02",EUR,"413,99",0b36dbda-cdf8-4fd9-99fb-cac8f57f5d30
08-03-2021,17:01,08-03-2021,NAK KAZATOMPROM AO,US63253R2013,DEGIRO Opłata Transakcyjna i/lub opłata stron trzecich,,EUR,"-7,50",EUR,"414,01",0b36dbda-cdf8-4fd9-99fb-cac8f57f5d30
08-03-2021,17:01,08-03-2021,NAK KAZATOMPROM AO,US63253R2013,"Sprzedaż 1 NAK Kazatomprom AO@20,2 EUR (US63253R2013)",,EUR,"20,20",EUR,"421,51",0b36dbda-cdf8-4fd9-99fb-cac8f57f5d30
08-03-2021,12:11,05-03-2021,EUR CASH FUND FUNDSHARE,NL0010661914,"Konwersja funduszu gotówkowego: Zakup 32,3603 przy  0,9799 EUR",,,,EUR,"401,31",
05-03-2021,19:55,05-03-2021,ALIBABA HEALTH INFORMATION,BMG0171K1018,DEGIRO Opłata Transakcyjna i/lub opłata stron trzecich,,EUR,"-0,90",EUR,"401,31",a22e8e4e-e6bf-46b5-9ee4-602760553457
05-03-2021,19:55,05-03-2021,ALIBABA HEALTH INFORMATION,BMG0171K1018,DEGIRO Opłata Transakcyjna i/lub opłata stron trzecich,,EUR,"-7,50",EUR,"402,21",a22e8e4e-e6bf-46b5-9ee4-602760553457
05-03-2021,19:55,05-03-2021,ALIBABA HEALTH INFORMATION,BMG0171K1018,"Kupno 377 Alibaba Health Information Technology Ltd@2,65 EUR (BMG0171K1018)",,EUR,"-999,05",EUR,"409,71",a22e8e4e-e6bf-46b5-9ee4-602760553457
05-03-2021,13:19,04-03-2021,EUR CASH FUND FUNDSHARE,NL0010661914,"Konwersja funduszu gotówkowego: Sprzedaż 1 067,2926 przy 0,9799 EUR",,EUR,"-0,11",EUR,"1408,76",
05-03-2021,10:37,05-03-2021,ISHARES $ TREASURY BOND 20+YR UCITS,IE00BSKRJZ44,FX Withdrawal,"1,1937",USD,"-1243,20",USD,"0,01",971cacf0-d993-4dae-ba93-fac7ad418df6
05-03-2021,10:37,05-03-2021,ISHARES $ TREASURY BOND 20+YR UCITS,IE00BSKRJZ44,FX Credit,,EUR,"1041,47",EUR,"1408,87",971cacf0-d993-4dae-ba93-fac7ad418df6
05-03-2021,10:37,05-03-2021,ISHARES $ TREASURY BOND 20+YR UCITS,IE00BSKRJZ44,DEGIRO Opłata Transakcyjna i/lub opłata stron trzecich,,EUR,"-0,31",EUR,"367,40",971cacf0-d993-4dae-ba93-fac7ad418df6
05-03-2021,10:37,05-03-2021,ISHARES $ TREASURY BOND 20+YR UCITS,IE00BSKRJZ44,DEGIRO Opłata Transakcyjna i/lub opłata stron trzecich,,EUR,"-2,00",EUR,"367,71",971cacf0-d993-4dae-ba93-fac7ad418df6
05-03-2021,10:37,05-03-2021,ISHARES $ TREASURY BOND 20+YR UCITS,IE00BSKRJZ44,"Sprzedaż 240 iShares $ Treasury Bond 20+yr UCITS ETF USD D@5,18 USD (IE00BSKRJZ44)",,USD,"1243,20",USD,"1243,21",971cacf0-d993-4dae-ba93-fac7ad418df6
04-03-2021,12:46,03-03-2021,EUR CASH FUND FUNDSHARE,NL0010661914,"Konwersja funduszu gotówkowego: Sprzedaż 34,1568 przy 0,9799 EUR",,,,EUR,"369,71",
04-03-2021,11:00,04-03-2021,ISHARES $ TREASURY BOND 20+YR UCITS,IE00BSKRJZ44,FX Credit,"1,2021",USD,"872,91",USD,"0,01",42110ae4-ef1f-4ca3-a216-b7c9b597277d
04-03-2021,11:00,04-03-2021,ISHARES $ TREASURY BOND 20+YR UCITS,IE00BSKRJZ44,FX Withdrawal,,EUR,"-726,16",EUR,"369,71",42110ae4-ef1f-4ca3-a216-b7c9b597277d
04-03-2021,11:00,04-03-2021,ISHARES $ TREASURY BOND 20+YR UCITS,IE00BSKRJZ44,DEGIRO Opłata Transakcyjna i/lub opłata stron trzecich,,EUR,"-0,22",EUR,"1095,87",42110ae4-ef1f-4ca3-a216-b7c9b597277d
04-03-2021,11:00,04-03-2021,ISHARES $ TREASURY BOND 20+YR UCITS,IE00BSKRJZ44,FX Credit,"1,2021",USD,"381,50",USD,"-872,90",42110ae4-ef1f-4ca3-a216-b7c9b597277d
04-03-2021,11:00,04-03-2021,ISHARES $ TREASURY BOND 20+YR UCITS,IE00BSKRJZ44,FX Withdrawal,,EUR,"-317,36",EUR,"1096,09",42110ae4-ef1f-4ca3-a216-b7c9b597277d
04-03-2021,11:00,04-03-2021,ISHARES $ TREASURY BOND 20+YR UCITS,IE00BSKRJZ44,DEGIRO Opłata Transakcyjna i/lub opłata stron trzecich,,EUR,"-0,10",EUR,"1413,45",42110ae4-ef1f-4ca3-a216-b7c9b597277d
04-03-2021,11:00,04-03-2021,ISHARES $ TREASURY BOND 20+YR UCITS,IE00BSKRJZ44,DEGIRO Opłata Transakcyjna i/lub opłata stron trzecich,,EUR,"-2,00",EUR,"1413,55",42110ae4-ef1f-4ca3-a216-b7c9b597277d
04-03-2021,11:00,04-03-2021,ISHARES $ TREASURY BOND 20+YR UCITS,IE00BSKRJZ44,"Kupno 167 iShares $ Treasury Bond 20+yr UCITS ETF USD D@5,227 USD (IE00BSKRJZ44)",,USD,"-872,91",USD,"-1254,40",42110ae4-ef1f-4ca3-a216-b7c9b597277d
04-03-2021,11:00,04-03-2021,ISHARES $ TREASURY BOND 20+YR UCITS,IE00BSKRJZ44,"Kupno 73 iShares $ Treasury Bond 20+yr UCITS ETF USD D@5,226 USD (IE00BSKRJZ44)",,USD,"-381,50",USD,"-381,50",42110ae4-ef1f-4ca3-a216-b7c9b597277d
03-03-2021,14:09,03-03-2021,VANECK JUNIOR GOLD MINERS UCITS ETF,IE00BQQP9G91,FX Credit,"0,8629",GBP,"840,00",GBP,"0,00",713721ca-e547-4a6f-ae4a-1bcac95ad803
03-03-2021,14:09,03-03-2021,VANECK JUNIOR GOLD MINERS UCITS ETF,IE00BQQP9G91,FX Withdrawal,,EUR,"-973,42",EUR,"1415,55",713721ca-e547-4a6f-ae4a-1bcac95ad803
03-03-2021,14:09,03-03-2021,VANECK JUNIOR GOLD MINERS UCITS ETF,IE00BQQP9G91,DEGIRO Opłata Transakcyjna i/lub opłata stron trzecich,,EUR,"-0,29",EUR,"2388,97",713721ca-e547-4a6f-ae4a-1bcac95ad803
03-03-2021,14:09,03-03-2021,VANECK JUNIOR GOLD MINERS UCITS ETF,IE00BQQP9G91,DEGIRO Opłata Transakcyjna i/lub opłata stron trzecich,,EUR,"-2,00",EUR,"2389,26",713721ca-e547-4a6f-ae4a-1bcac95ad803
03-03-2021,14:09,03-03-2021,VANECK JUNIOR GOLD MINERS UCITS ETF,IE00BQQP9G91,Kupno 30 VanEck Junior Gold Miners UCITS ETF USD A@28 GBP (IE00BQQP9G91),,GBP,"-840,00",GBP,"-840,00",713721ca-e547-4a6f-ae4a-1bcac95ad803
03-03-2021,12:55,03-03-2021,NAK KAZATOMPROM AO,US63253R2013,DEGIRO Opłata Transakcyjna i/lub opłata stron trzecich,,EUR,"-0,86",EUR,"2391,26",2cf77505-65e7-4614-9fc0-5545b1f46ae6
03-03-2021,12:55,03-03-2021,NAK KAZATOMPROM AO,US63253R2013,DEGIRO Opłata Transakcyjna i/lub opłata stron trzecich,,EUR,"-7,50",EUR,"2392,12",2cf77505-65e7-4614-9fc0-5545b1f46ae6
03-03-2021,12:55,03-03-2021,NAK KAZATOMPROM AO,US63253R2013,"Sprzedaż 49 NAK Kazatomprom AO@19,4 EUR (US63253R2013)",,EUR,"950,60",EUR,"2399,62",2cf77505-65e7-4614-9fc0-5545b1f46ae6
02-03-2021,18:07,01-03-2021,EUR CASH FUND FUNDSHARE,NL0010661914,"Konwersja funduszu gotówkowego: Sprzedaż 2,5509 przy 0,9799 EUR",,,,EUR,"1449,02",
01-03-2021,15:45,26-02-2021,EUR CASH FUND FUNDSHARE,NL0010661914,"Konwersja funduszu gotówkowego: Zakup 1 463,1632 przy  0,98 EUR",,,,EUR,"1449,02",
01-03-2021,11:21,28-02-2021,,,DEGIRO Exchange Connection Fee 2021 (Euronext Amsterdam - EAM),,EUR,"-2,50",EUR,"1449,02",
26-02-2021,09:18,26-02-2021,BYD CO LTD,CNE100000296,DEGIRO Opłata Transakcyjna i/lub opłata stron trzecich,,EUR,"-1,30",EUR,"1451,52",356acf5d-9b94-4325-ad35-dda679ec265e
26-02-2021,09:18,26-02-2021,BYD CO LTD,CNE100000296,DEGIRO Opłata Transakcyjna i/lub opłata stron trzecich,,EUR,"-7,50",EUR,"1452,82",356acf5d-9b94-4325-ad35-dda679ec265e
26-02-2021,09:18,26-02-2021,BYD CO LTD,CNE100000296,"Sprzedaż 70 BYD Co Ltd@20,61 EUR (CNE100000296)",,EUR,"1442,70",EUR,"1460,32",356acf5d-9b94-4325-ad35-dda679ec265e
25-02-2021,12:04,24-02-2021,EUR CASH FUND FUNDSHARE,NL0010661914,"Konwersja funduszu gotówkowego: Sprzedaż 1 651,1131",,,,EUR,"17,62",
,,,,,"przy 0,98 EUR",,,,,,
24-02-2021,12:07,23-02-2021,EUR CASH FUND FUNDSHARE,NL0010661914,"Konwersja funduszu gotówkowego: Zakup 1 590,7967 przy  0,98 EUR",,,,EUR,"17,62",
24-02-2021,09:52,24-02-2021,BYD CO LTD,CNE100000296,DEGIRO Opłata Transakcyjna i/lub opłata stron trzecich,,EUR,"-1,45",EUR,"17,62",8b2261ea-bd7e-4370-936d-a265d9e61724
24-02-2021,09:52,24-02-2021,BYD CO LTD,CNE100000296,DEGIRO Opłata Transakcyjna i/lub opłata stron trzecich,,EUR,"-7,50",EUR,"19,07",8b2261ea-bd7e-4370-936d-a265d9e61724
24-02-2021,09:52,24-02-2021,BYD CO LTD,CNE100000296,"Kupno 70 BYD Co Ltd@22,99 EUR (CNE100000296)",,EUR,"-1609,30",EUR,"26,57",8b2261ea-bd7e-4370-936d-a265d9e61724
23-02-2021,10:24,23-02-2021,BYD CO LTD,CNE100000296,DEGIRO Opłata Transakcyjna i/lub opłata stron trzecich,,EUR,"-1,42",EUR,"1635,87",6219ab4d-0e4d-43a1-8c6d-f15f1d8ccf2e
23-02-2021,10:24,23-02-2021,BYD CO LTD,CNE100000296,DEGIRO Opłata Transakcyjna i/lub opłata stron trzecich,,EUR,"-7,50",EUR,"1637,29",6219ab4d-0e4d-43a1-8c6d-f15f1d8ccf2e
23-02-2021,10:24,23-02-2021,BYD CO LTD,CNE100000296,"Sprzedaż 70 BYD Co Ltd@22,52 EUR (CNE100000296)",,EUR,"1576,40",EUR,"1644,79",6219ab4d-0e4d-43a1-8c6d-f15f1d8ccf2e
23-02-2021,08:41,23-02-2021,BYD CO LTD,CNE100000296,DEGIRO Opłata Transakcyjna i/lub opłata stron trzecich,,EUR,"-1,47",EUR,"68,39",7c781bdf-c4e6-409b-b6a9-0ba5bfdb1cc7
23-02-2021,08:41,23-02-2021,BYD CO LTD,CNE100000296,DEGIRO Opłata Transakcyjna i/lub opłata stron trzecich,,EUR,"-7,50",EUR,"69,86",7c781bdf-c4e6-409b-b6a9-0ba5bfdb1cc7
23-02-2021,08:41,23-02-2021,BYD CO LTD,CNE100000296,"Kupno 69 BYD Co Ltd@23,6 EUR (CNE100000296)",,EUR,"-1628,40",EUR,"77,36",7c781bdf-c4e6-409b-b6a9-0ba5bfdb1cc7
23-02-2021,08:22,23-02-2021,BYD CO LTD,CNE100000296,DEGIRO Opłata Transakcyjna i/lub opłata stron trzecich,,EUR,"-1,47",EUR,"1705,76",6c68681f-bca4-4098-a22e-cf87e899c9e7
23-02-2021,08:22,23-02-2021,BYD CO LTD,CNE100000296,DEGIRO Opłata Transakcyjna i/lub opłata stron trzecich,,EUR,"-7,50",EUR,"1707,23",6c68681f-bca4-4098-a22e-cf87e899c9e7
23-02-2021,08:22,23-02-2021,BYD CO LTD,CNE100000296,"Sprzedaż 70 BYD Co Ltd@23,4 EUR (CNE100000296)",,EUR,"1638,00",EUR,"1714,73",6c68681f-bca4-4098-a22e-cf87e899c9e7
22-02-2021,14:11,19-02-2021,EUR CASH FUND FUNDSHARE,NL0010661914,"Konwersja funduszu gotówkowego: Sprzedaż 0,0919 przy 0,9801 EUR",,,,EUR,"76,73",
19-02-2021,12:04,18-02-2021,EUR CASH FUND FUNDSHARE,NL0010661914,"Konwersja funduszu gotówkowego: Sprzedaż 901,1324 przy 0,9801 EUR",,EUR,"0,09",EUR,"76,73",
18-02-2021,16:14,18-02-2021,NAK KAZATOMPROM AO,US63253R2013,DEGIRO Opłata Transakcyjna i/lub opłata stron trzecich,,EUR,"-0,79",EUR,"76,64",5264fc30-10e8-4bab-b738-ba4c2d590012
18-02-2021,16:14,18-02-2021,NAK KAZATOMPROM AO,US63253R2013,DEGIRO Opłata Transakcyjna i/lub opłata stron trzecich,,EUR,"-7,50",EUR,"77,43",5264fc30-10e8-4bab-b738-ba4c2d590012
18-02-2021,16:14,18-02-2021,NAK KAZATOMPROM AO,US63253R2013,"Kupno 50 NAK Kazatomprom AO@17,5 EUR (US63253R2013)",,EUR,"-875,00",EUR,"84,93",5264fc30-10e8-4bab-b738-ba4c2d590012
16-02-2021,12:03,15-02-2021,EUR CASH FUND FUNDSHARE,NL0010661914,"Konwersja funduszu gotówkowego: Sprzedaż 76,0151 przy 0,9802 EUR",,EUR,"0,02",EUR,"959,93",
15-02-2021,09:55,15-02-2021,ISHARES MSCI CHINA UCITS ETF USD ACC,IE00BJ5JPG56,FX Credit,"1,2125",USD,"87,89",USD,"0,00",3fb87af7-01f3-4f2b-a211-403a50a8a638
15-02-2021,09:55,15-02-2021,ISHARES MSCI CHINA UCITS ETF USD ACC,IE00BJ5JPG56,FX Withdrawal,,EUR,"-72,49",EUR,"959,92",3fb87af7-01f3-4f2b-a211-403a50a8a638
15-02-2021,09:55,15-02-2021,ISHARES MSCI CHINA UCITS ETF USD ACC,IE00BJ5JPG56,DEGIRO Opłata Transakcyjna i/lub opłata stron trzecich,,EUR,"-0,02",EUR,"1032,41",3fb87af7-01f3-4f2b-a211-403a50a8a638
15-02-2021,09:55,15-02-2021,ISHARES MSCI CHINA UCITS ETF USD ACC,IE00BJ5JPG56,DEGIRO Opłata Transakcyjna i/lub opłata stron trzecich,,EUR,"-2,00",EUR,"1032,43",3fb87af7-01f3-4f2b-a211-403a50a8a638
15-02-2021,09:55,15-02-2021,ISHARES MSCI CHINA UCITS ETF USD ACC,IE00BJ5JPG56,"Kupno 10 iShares MSCI China UCITS ETF USD Acc@8,789 USD (IE00BJ5JPG56)",,USD,"-87,89",USD,"-87,89",3fb87af7-01f3-4f2b-a211-403a50a8a638
04-02-2021,12:03,03-02-2021,EUR CASH FUND FUNDSHARE,NL0010661914,"Konwersja funduszu gotówkowego: Sprzedaż 2 021,7949 przy 0,9805 EUR",,EUR,"1,01",EUR,"1034,43",
02-02-2021,12:04,01-02-2021,EUR CASH FUND FUNDSHARE,NL0010661914,"Konwersja funduszu gotówkowego: Zakup 3 043,0883 przy  0,9805 EUR",,EUR,"-1,52",EUR,"1033,41",
02-02-2021,08:53,02-02-2021,BYD CO LTD,CNE100000296,DEGIRO Opłata Transakcyjna i/lub opłata stron trzecich,,EUR,"-1,78",EUR,"1034,93",98cf5f5f-8836-4c66-95be-50dec6a7c97d
02-02-2021,08:53,02-02-2021,BYD CO LTD,CNE100000296,DEGIRO Opłata Transakcyjna i/lub opłata stron trzecich,,EUR,"-7,50",EUR,"1036,71",98cf5f5f-8836-4c66-95be-50dec6a7c97d
02-02-2021,08:53,02-02-2021,BYD CO LTD,CNE100000296,"Kupno 71 BYD Co Ltd@27,79 EUR (CNE100000296)",,EUR,"-1973,09",EUR,"1044,21",98cf5f5f-8836-4c66-95be-50dec6a7c97d
01-02-2021,16:19,01-02-2021,VANECK JUNIOR GOLD MINERS UCITS ETF,IE00BQQP9G91,FX Withdrawal,"0,8849",GBP,"-330,90",GBP,"0,00",6c7c1b25-b502-419f-8cb6-9f1c08dcb405
01-02-2021,16:19,01-02-2021,VANECK JUNIOR GOLD MINERS UCITS ETF,IE00BQQP9G91,FX Credit,,EUR,"373,95",EUR,"3017,30",6c7c1b25-b502-419f-8cb6-9f1c08dcb405
01-02-2021,16:19,01-02-2021,VANECK JUNIOR GOLD MINERS UCITS ETF,IE00BQQP9G91,DEGIRO Opłata Transakcyjna i/lub opłata stron trzecich,,EUR,"-0,11",EUR,"2643,35",6c7c1b25-b502-419f-8cb6-9f1c08dcb405
01-02-2021,16:19,01-02-2021,VANECK JUNIOR GOLD MINERS UCITS ETF,IE00BQQP9G91,DEGIRO Opłata Transakcyjna i/lub opłata stron trzecich,,EUR,"-2,00",EUR,"2643,46",6c7c1b25-b502-419f-8cb6-9f1c08dcb405
01-02-2021,16:19,01-02-2021,VANECK JUNIOR GOLD MINERS UCITS ETF,IE00BQQP9G91,"Sprzedaż 10 VanEck Junior Gold Miners UCITS ETF USD A@33,09 GBP (IE00BQQP9G91)",,GBP,"330,90",GBP,"330,90",6c7c1b25-b502-419f-8cb6-9f1c08dcb405
01-02-2021,16:07,01-02-2021,PAN AMERICAN SILVER,CA6979001089,FX Withdrawal,"1,2105",USD,"-2442,00",USD,"0,00",9f13b2d9-8bee-4956-a85c-5153e167bedf
01-02-2021,16:07,01-02-2021,PAN AMERICAN SILVER,CA6979001089,FX Credit,,EUR,"2017,33",EUR,"2645,46",9f13b2d9-8bee-4956-a85c-5153e167bedf
01-02-2021,16:07,01-02-2021,PAN AMERICAN SILVER,CA6979001089,DEGIRO Opłata Transakcyjna i/lub opłata stron trzecich,,EUR,"-0,22",EUR,"628,13",9f13b2d9-8bee-4956-a85c-5153e167bedf
01-02-2021,16:07,01-02-2021,PAN AMERICAN SILVER,CA6979001089,FX Withdrawal,"1,2105",USD,"-703,00",USD,"2442,00",9f13b2d9-8bee-4956-a85c-5153e167bedf
01-02-2021,16:07,01-02-2021,PAN AMERICAN SILVER,CA6979001089,FX Credit,,EUR,"580,75",EUR,"628,35",9f13b2d9-8bee-4956-a85c-5153e167bedf
01-02-2021,16:07,01-02-2021,PAN AMERICAN SILVER,CA6979001089,DEGIRO Opłata Transakcyjna i/lub opłata stron trzecich,,EUR,"-0,06",EUR,"47,60",9f13b2d9-8bee-4956-a85c-5153e167bedf
01-02-2021,16:07,01-02-2021,PAN AMERICAN SILVER,CA6979001089,DEGIRO Opłata Transakcyjna i/lub opłata stron trzecich,,EUR,"-0,50",EUR,"47,66",9f13b2d9-8bee-4956-a85c-5153e167bedf
01-02-2021,16:07,01-02-2021,PAN AMERICAN SILVER,CA6979001089,Sprzedaż 66 Pan American Silver@37 USD (CA6979001089),,USD,"2442,00",USD,"3145,00",9f13b2d9-8bee-4956-a85c-5153e167bedf
01-02-2021,16:07,01-02-2021,PAN AMERICAN SILVER,CA6979001089,Sprzedaż 19 Pan American Silver@37 USD (CA6979001089),,USD,"703,00",USD,"703,00",9f13b2d9-8bee-4956-a85c-5153e167bedf
01-02-2021,15:50,01-02-2021,PAN AMERICAN SILVER,CA6979001089,FX Credit,"1,2078",USD,"1060,50",USD,"0,00",841a61f1-58ac-44a0-9151-327cb51e1b13
01-02-2021,15:50,01-02-2021,PAN AMERICAN SILVER,CA6979001089,FX Withdrawal,,EUR,"-878,05",EUR,"48,16",841a61f1-58ac-44a0-9151-327cb51e1b13
01-02-2021,15:50,01-02-2021,PAN AMERICAN SILVER,CA6979001089,DEGIRO Opłata Transakcyjna i/lub opłata stron trzecich,,EUR,"-0,09",EUR,"926,21",841a61f1-58ac-44a0-9151-327cb51e1b13
01-02-2021,15:50,01-02-2021,PAN AMERICAN SILVER,CA6979001089,DEGIRO Opłata Transakcyjna i/lub opłata stron trzecich,,EUR,"-0,50",EUR,"926,30",841a61f1-58ac-44a0-9151-327cb51e1b13
01-02-2021,15:50,01-02-2021,PAN AMERICAN SILVER,CA6979001089,"Kupno 28 Pan American Silver@37,875 USD (CA6979001089)",,USD,"-1060,50",USD,"-1060,50",841a61f1-58ac-44a0-9151-327cb51e1b13
01-02-2021,15:30,01-02-2021,ISHARES $ TREASURY BOND 20+YR UCITS,IE00BSKRJZ44,FX Withdrawal,"1,2111",USD,"-1096,68",USD,"0,00",64d78c85-9a1f-4bba-aae9-a61100dde405
01-02-2021,15:30,01-02-2021,ISHARES $ TREASURY BOND 20+YR UCITS,IE00BSKRJZ44,FX Credit,,EUR,"905,52",EUR,"926,80",64d78c85-9a1f-4bba-aae9-a61100dde405
01-02-2021,15:30,01-02-2021,ISHARES $ TREASURY BOND 20+YR UCITS,IE00BSKRJZ44,DEGIRO Opłata Transakcyjna i/lub opłata stron trzecich,,EUR,"-0,27",EUR,"21,28",64d78c85-9a1f-4bba-aae9-a61100dde405
01-02-2021,15:30,01-02-2021,ISHARES $ TREASURY BOND 20+YR UCITS,IE00BSKRJZ44,DEGIRO Opłata Transakcyjna i/lub opłata stron trzecich,,EUR,"-2,00",EUR,"21,55",64d78c85-9a1f-4bba-aae9-a61100dde405
01-02-2021,15:30,01-02-2021,ISHARES $ TREASURY BOND 20+YR UCITS,IE00BSKRJZ44,"Sprzedaż 194 iShares $ Treasury Bond 20+yr UCITS ETF USD D@5,653 USD (IE00BSKRJZ44)",,USD,"1096,68",USD,"1096,68",64d78c85-9a1f-4bba-aae9-a61100dde405
01-02-2021,12:41,29-01-2021,EUR CASH FUND FUNDSHARE,NL0010661914,"Konwersja funduszu gotówkowego: Sprzedaż 17,734 przy 0,9805 EUR",,EUR,"0,01",EUR,"23,55",
31-01-2021,13:19,31-12-2020,,,DEGIRO Exchange Connection Fee 2021 (Nasdaq - NDQ),,EUR,"-2,50",EUR,"23,55",
31-01-2021,13:19,31-12-2020,,,DEGIRO Exchange Connection Fee 2021 (London Stock Exchange (LSE) - LSE),,EUR,"-2,50",EUR,"26,05",
31-01-2021,13:19,31-12-2020,,,DEGIRO Exchange Connection Fee 2021 (Boerse Frankfurt - FRA),,EUR,"-2,50",EUR,"28,55",
31-01-2021,13:19,31-12-2020,,,DEGIRO Exchange Connection Fee 2021 (Xetra - XET),,EUR,"-2,50",EUR,"31,05",
29-01-2021,19:08,29-01-2021,PAN AMERICAN SILVER,CA6979001089,FX Credit,"1,2119",USD,"1861,05",USD,"0,00",5263db53-977f-4593-aff9-1eca60103e52
29-01-2021,19:08,29-01-2021,PAN AMERICAN SILVER,CA6979001089,FX Withdrawal,,EUR,"-1535,66",EUR,"33,55",5263db53-977f-4593-aff9-1eca60103e52
29-01-2021,19:08,29-01-2021,PAN AMERICAN SILVER,CA6979001089,DEGIRO Opłata Transakcyjna i/lub opłata stron trzecich,,EUR,"-0,19",EUR,"1569,21",5263db53-977f-4593-aff9-1eca60103e52
29-01-2021,19:08,29-01-2021,PAN AMERICAN SILVER,CA6979001089,DEGIRO Opłata Transakcyjna i/lub opłata stron trzecich,,EUR,"-0,50",EUR,"1569,40",5263db53-977f-4593-aff9-1eca60103e52
29-01-2021,19:08,29-01-2021,PAN AMERICAN SILVER,CA6979001089,"Kupno 57 Pan American Silver@32,65 USD (CA6979001089)",,USD,"-1861,05",USD,"-1861,05",5263db53-977f-4593-aff9-1eca60103e52
29-01-2021,17:25,29-01-2021,VANECK JUNIOR GOLD MINERS UCITS ETF,IE00BQQP9G91,FX Credit,"0,8842",GBP,"318,70",GBP,"0,00",e499cb94-0806-4585-8ae6-e972c5e711ef
29-01-2021,17:25,29-01-2021,VANECK JUNIOR GOLD MINERS UCITS ETF,IE00BQQP9G91,FX Withdrawal,,EUR,"-360,43",EUR,"1569,90",e499cb94-0806-4585-8ae6-e972c5e711ef
29-01-2021,17:25,29-01-2021,VANECK JUNIOR GOLD MINERS UCITS ETF,IE00BQQP9G91,DEGIRO Opłata Transakcyjna i/lub opłata stron trzecich,,EUR,"-0,11",EUR,"1930,33",e499cb94-0806-4585-8ae6-e972c5e711ef
29-01-2021,17:25,29-01-2021,VANECK JUNIOR GOLD MINERS UCITS ETF,IE00BQQP9G91,DEGIRO Opłata Transakcyjna i/lub opłata stron trzecich,,EUR,"-2,00",EUR,"1930,44",e499cb94-0806-4585-8ae6-e972c5e711ef
29-01-2021,17:25,29-01-2021,VANECK JUNIOR GOLD MINERS UCITS ETF,IE00BQQP9G91,"Kupno 10 VanEck Junior Gold Miners UCITS ETF USD A@31,87 GBP (IE00BQQP9G91)",,GBP,"-318,70",GBP,"-318,70",e499cb94-0806-4585-8ae6-e972c5e711ef
29-01-2021,16:46,29-01-2021,BYD CO LTD,CNE100000296,DEGIRO Opłata Transakcyjna i/lub opłata stron trzecich,,EUR,"-1,70",EUR,"1932,44",a4b3cf8f-508b-4a73-9087-297a39cefc0f
29-01-2021,16:46,29-01-2021,BYD CO LTD,CNE100000296,DEGIRO Opłata Transakcyjna i/lub opłata stron trzecich,,EUR,"-7,50",EUR,"1934,14",a4b3cf8f-508b-4a73-9087-297a39cefc0f
29-01-2021,16:46,29-01-2021,BYD CO LTD,CNE100000296,"Sprzedaż 74 BYD Co Ltd@25,55 EUR (CNE100000296)",,EUR,"1890,70",EUR,"1941,64",a4b3cf8f-508b-4a73-9087-297a39cefc0f
29-01-2021,12:04,28-01-2021,EUR CASH FUND FUNDSHARE,NL0010661914,"Konwersja funduszu gotówkowego: Sprzedaż 69,1792 przy 0,9806 EUR",,EUR,"0,04",EUR,"50,94",
28-01-2021,11:16,28-01-2021,BYD CO LTD,CNE100000296,DEGIRO Opłata Transakcyjna i/lub opłata stron trzecich,,EUR,"-1,65",EUR,"50,90",c4b26dab-c52e-4be2-a170-09e0022f26c1
28-01-2021,11:16,28-01-2021,BYD CO LTD,CNE100000296,DEGIRO Opłata Transakcyjna i/lub opłata stron trzecich,,EUR,"-7,50",EUR,"52,55",c4b26dab-c52e-4be2-a170-09e0022f26c1
28-01-2021,11:16,28-01-2021,BYD CO LTD,CNE100000296,"Kupno 74 BYD Co Ltd@24,82 EUR (CNE100000296)",,EUR,"-1836,68",EUR,"60,05",c4b26dab-c52e-4be2-a170-09e0022f26c1
28-01-2021,10:40,28-01-2021,BYD CO LTD,CNE100000296,DEGIRO Opłata Transakcyjna i/lub opłata stron trzecich,,EUR,"-1,61",EUR,"1896,73",f4ea772b-2c26-4495-ae45-2040933397a6
28-01-2021,10:40,28-01-2021,BYD CO LTD,CNE100000296,DEGIRO Opłata Transakcyjna i/lub opłata stron trzecich,,EUR,"-7,50",EUR,"1898,34",f4ea772b-2c26-4495-ae45-2040933397a6
28-01-2021,10:40,28-01-2021,BYD CO LTD,CNE100000296,"Sprzedaż 74 BYD Co Ltd@24,15 EUR (CNE100000296)",,EUR,"1787,10",EUR,"1905,84",f4ea772b-2c26-4495-ae45-2040933397a6
29-12-2020,12:08,28-12-2020,EUR CASH FUND FUNDSHARE,NL0010661914,"Konwersja funduszu gotówkowego: Zakup 27,8377 przy  0,9813 EUR",,EUR,"-0,04",EUR,"118,74",
25-12-2020,07:51,24-12-2020,,,FX Withdrawal,,EUR,"27,32",EUR,"118,77",
25-12-2020,07:51,24-12-2020,,,FX Withdrawal,"1,2198",USD,"-33,33",USD,"0,00",
24-12-2020,08:52,23-12-2020,ISHARES $ TREASURY BOND 20+YR UCITS,IE00BSKRJZ44,Dywidenda,,USD,"8,91",USD,"33,33",
24-12-2020,06:41,23-12-2020,ISHARES EM DIVIDEND UCITS ETF USD (DIST),IE00B652H904,Dywidenda,,USD,"24,42",USD,"24,42",
02-12-2020,12:43,01-12-2020,EUR CASH FUND FUNDSHARE,NL0010661914,"Konwersja funduszu gotówkowego: Sprzedaż 2,5456 przy 0,9821 EUR",,EUR,"0,01",EUR,"91,45",
01-12-2020,10:53,30-11-2020,,,DEGIRO Exchange Connection Fee 2020 (Boerse Frankfurt - FRA),,EUR,"-2,50",EUR,"91,45",
09-11-2020,12:03,06-11-2020,EUR CASH FUND FUNDSHARE,NL0010661914,"Konwersja funduszu gotówkowego: Sprzedaż 0,0499 przy 0,9826 EUR",,,,EUR,"93,95",
06-11-2020,12:03,05-11-2020,EUR CASH FUND FUNDSHARE,NL0010661914,"Konwersja funduszu gotówkowego: Sprzedaż 490,9434 przy 0,9826 EUR",,EUR,"1,28",EUR,"93,94",
05-11-2020,14:04,30-10-2020,,,Member get Member Promocja,,EUR,"20,00",EUR,"92,67",
05-11-2020,13:10,04-11-2020,EUR CASH FUND FUNDSHARE,NL0010661914,"Konwersja funduszu gotówkowego: Sprzedaż 0,1036 przy 0,9827 EUR",,,,EUR,"72,67",
05-11-2020,11:03,05-11-2020,BYD CO LTD,CNE100000296,DEGIRO Opłata Transakcyjna i/lub opłata stron trzecich,,EUR,"-7,50",EUR,"72,67",0e53d8f4-7233-4460-8618-e59d2239419b
05-11-2020,11:03,05-11-2020,BYD CO LTD,CNE100000296,DEGIRO Opłata Transakcyjna i/lub opłata stron trzecich,,EUR,"-0,45",EUR,"80,17",0e53d8f4-7233-4460-8618-e59d2239419b
05-11-2020,11:03,05-11-2020,BYD CO LTD,CNE100000296,"Kupno 23 BYD Co Ltd@21,5 EUR (CNE100000296)",,EUR,"-494,50",EUR,"80,62",0e53d8f4-7233-4460-8618-e59d2239419b
04-11-2020,12:51,03-11-2020,EUR CASH FUND FUNDSHARE,NL0010661914,"Konwersja funduszu gotówkowego: Sprzedaż 1 018,488 przy 0,9827 EUR",,EUR,"2,75",EUR,"575,12",
03-11-2020,14:28,03-11-2020,BYD CO LTD,CNE100000296,DEGIRO Opłata Transakcyjna i/lub opłata stron trzecich,,EUR,"-7,50",EUR,"572,37",87dba295-a9fd-4d1f-ac64-5f54ae53f0be
03-11-2020,14:28,03-11-2020,BYD CO LTD,CNE100000296,DEGIRO Opłata Transakcyjna i/lub opłata stron trzecich,,EUR,"-0,89",EUR,"579,87",87dba295-a9fd-4d1f-ac64-5f54ae53f0be
03-11-2020,14:28,03-11-2020,BYD CO LTD,CNE100000296,"Kupno 52 BYD Co Ltd@19,04 EUR (CNE100000296)",,EUR,"-990,08",EUR,"580,76",87dba295-a9fd-4d1f-ac64-5f54ae53f0be
02-11-2020,12:50,31-10-2020,,,DEGIRO Exchange Connection Fee 2020 (London Stock Exchange (LSE) - LSE),,EUR,"-2,50",EUR,"1570,84",
02-11-2020,12:03,30-10-2020,EUR CASH FUND FUNDSHARE,NL0010661914,"Konwersja funduszu gotówkowego: Sprzedaż 1 017,674 przy 0,9828 EUR",,EUR,"2,85",EUR,"1573,34",
30-10-2020,09:00,30-10-2020,ISHARES $ TREASURY BOND 20+YR UCITS,IE00BSKRJZ44,FX Credit,"1,1666",USD,"1164,15",USD,"0,00",263835e8-f20d-47b2-9e98-101d8b61444a
30-10-2020,09:00,30-10-2020,ISHARES $ TREASURY BOND 20+YR UCITS,IE00BSKRJZ44,FX Withdrawal,,EUR,"-997,87",EUR,"1570,49",263835e8-f20d-47b2-9e98-101d8b61444a
30-10-2020,09:00,30-10-2020,ISHARES $ TREASURY BOND 20+YR UCITS,IE00BSKRJZ44,DEGIRO Opłata Transakcyjna i/lub opłata stron trzecich,,EUR,"-0,30",EUR,"2568,36",263835e8-f20d-47b2-9e98-101d8b61444a
30-10-2020,09:00,30-10-2020,ISHARES $ TREASURY BOND 20+YR UCITS,IE00BSKRJZ44,DEGIRO Opłata Transakcyjna i/lub opłata stron trzecich,,EUR,"-2,00",EUR,"2568,66",263835e8-f20d-47b2-9e98-101d8b61444a
30-10-2020,09:00,30-10-2020,ISHARES $ TREASURY BOND 20+YR UCITS,IE00BSKRJZ44,"Kupno 195 iShares $ Treasury Bond 20+yr UCITS ETF USD D@5,97 USD (IE00BSKRJZ44)",,USD,"-1164,15",USD,"-1164,15",263835e8-f20d-47b2-9e98-101d8b61444a
27-10-2020,12:03,26-10-2020,EUR CASH FUND FUNDSHARE,NL0010661914,"Konwersja funduszu gotówkowego: Sprzedaż 0,281 przy 0,9829 EUR",,,,EUR,"2570,66",
26-10-2020,12:03,23-10-2020,EUR CASH FUND FUNDSHARE,NL0010661914,"Konwersja funduszu gotówkowego: Sprzedaż 2 761,7672 przy 0,983 EUR",,EUR,"8,29",EUR,"2570,66",
23-10-2020,11:42,23-10-2020,GAZPROM PAO,US3682872078,DEGIRO Opłata Transakcyjna i/lub opłata stron trzecich,,EUR,"-4,00",EUR,"2562,37",94767499-a3e6-4674-9312-10951695e1e1
23-10-2020,11:42,23-10-2020,GAZPROM PAO,US3682872078,DEGIRO Opłata Transakcyjna i/lub opłata stron trzecich,,EUR,"-1,35",EUR,"2566,37",94767499-a3e6-4674-9312-10951695e1e1
23-10-2020,11:42,23-10-2020,GAZPROM PAO,US3682872078,"Kupno 750 Gazprom PAO@3,613 EUR (US3682872078)",,EUR,"-2709,75",EUR,"2567,72",94767499-a3e6-4674-9312-10951695e1e1
06-10-2020,12:03,05-10-2020,EUR CASH FUND FUNDSHARE,NL0010661914,"Konwersja funduszu gotówkowego: Zakup 65,4025 przy  0,9835 EUR",,EUR,"-0,23",EUR,"5277,47",
02-10-2020,08:57,01-10-2020,,,FX Withdrawal,,EUR,"66,83",EUR,"5277,70",
02-10-2020,08:57,01-10-2020,,,FX Withdrawal,"1,1757",USD,"-78,58",USD,"0,00",
01-10-2020,11:58,30-09-2020,,,DEGIRO Exchange Connection Fee 2020 (Xetra - XET),,EUR,"-2,50",EUR,"5210,87",
01-10-2020,08:50,30-09-2020,ISHARES EM DIVIDEND UCITS ETF USD (DIST),IE00B652H904,Dywidenda,,USD,"78,58",USD,"78,58",
24-09-2020,12:03,23-09-2020,EUR CASH FUND FUNDSHARE,NL0010661914,"Konwersja funduszu gotówkowego: Sprzedaż 0,1021 przy 0,9837 EUR",,,,EUR,"5213,37",
23-09-2020,12:03,22-09-2020,EUR CASH FUND FUNDSHARE,NL0010661914,"Konwersja funduszu gotówkowego: Sprzedaż 1 004,7672 przy 0,9837 EUR",,EUR,"3,72",EUR,"5213,37",
22-09-2020,09:32,22-09-2020,GAZPROM PAO,US3682872078,DEGIRO Opłata Transakcyjna i/lub opłata stron trzecich,,EUR,"-4,00",EUR,"5209,66",53d18b38-b5cc-4250-b262-0782993f73fa
22-09-2020,09:32,22-09-2020,GAZPROM PAO,US3682872078,DEGIRO Opłata Transakcyjna i/lub opłata stron trzecich,,EUR,"-0,49",EUR,"5213,66",53d18b38-b5cc-4250-b262-0782993f73fa
22-09-2020,09:32,22-09-2020,GAZPROM PAO,US3682872078,"Kupno 250 Gazprom PAO@3,936 EUR (US3682872078)",,EUR,"-984,00",EUR,"5214,15",53d18b38-b5cc-4250-b262-0782993f73fa
18-09-2020,12:16,17-09-2020,EUR CASH FUND FUNDSHARE,NL0010661914,"Konwersja funduszu gotówkowego: Zakup 5 710,0021 przy  0,9838 EUR",,EUR,"-21,70",EUR,"6198,15",
17-09-2020,07:41,16-09-2020,,,FX Withdrawal,,EUR,"5617,50",EUR,"6219,85",
17-09-2020,07:41,16-09-2020,,,FX Withdrawal,"4,4504",PLN,"-25000,00",PLN,"0,00",
16-09-2020,16:31,16-09-2020,,,Depozyt,,PLN,"25000,00",PLN,"25000,00",
16-09-2020,12:03,15-09-2020,EUR CASH FUND FUNDSHARE,NL0010661914,"Konwersja funduszu gotówkowego: Zakup 613,4986 przy  0,9838 EUR",,EUR,"-2,33",EUR,"602,35",
15-09-2020,11:25,15-09-2020,ISHARES EM DIVIDEND UCITS ETF USD (DIST),IE00B652H904,DEGIRO Opłata Transakcyjna i/lub opłata stron trzecich,,EUR,"-2,00",EUR,"604,68",240ecf9a-e5f4-41b1-a7f2-8a911602e2e2
15-09-2020,11:25,15-09-2020,ISHARES EM DIVIDEND UCITS ETF USD (DIST),IE00B652H904,DEGIRO Opłata Transakcyjna i/lub opłata stron trzecich,,EUR,"-0,90",EUR,"606,68",240ecf9a-e5f4-41b1-a7f2-8a911602e2e2
15-09-2020,11:25,15-09-2020,ISHARES EM DIVIDEND UCITS ETF USD (DIST),IE00B652H904,"Kupno 204 iShares EM Dividend UCITS ETF USD (Dist)@14,76 EUR (IE00B652H904)",,EUR,"-3011,04",EUR,"607,58",240ecf9a-e5f4-41b1-a7f2-8a911602e2e2
15-09-2020,11:00,15-09-2020,GAZPROM PAO,US3682872078,DEGIRO Opłata Transakcyjna i/lub opłata stron trzecich,,EUR,"-4,00",EUR,"3618,62",092bdcfe-510c-466a-b0d2-a366cbe5f2f3
15-09-2020,11:00,15-09-2020,GAZPROM PAO,US3682872078,DEGIRO Opłata Transakcyjna i/lub opłata stron trzecich,,EUR,"-1,00",EUR,"3622,62",092bdcfe-510c-466a-b0d2-a366cbe5f2f3
15-09-2020,11:00,15-09-2020,GAZPROM PAO,US3682872078,Kupno 500 Gazprom PAO@4 EUR (US3682872078),,EUR,"-2000,00",EUR,"3623,62",092bdcfe-510c-466a-b0d2-a366cbe5f2f3
15-09-2020,08:03,14-09-2020,,,FX Withdrawal,,EUR,"5622,50",EUR,"5623,62",
15-09-2020,08:03,14-09-2020,,,FX Withdrawal,"4,4464",PLN,"-25000,00",PLN,"0,00",
14-09-2020,12:51,14-09-2020,,,Depozyt,,PLN,"25000,00",PLN,"25000,00",
07-09-2020,12:03,04-09-2020,EUR CASH FUND FUNDSHARE,NL0010661914,"Konwersja funduszu gotówkowego: Zakup 1,1382 przy  0,984 EUR",,,,EUR,"1,12",
04-09-2020,08:44,03-09-2020,,,FX Withdrawal,,EUR,"1,12",EUR,"1,12",
04-09-2020,08:44,03-09-2020,,,FX Withdrawal,"4,4366",PLN,"-5,00",PLN,"0,00",
03-09-2020,17:22,02-09-2020,,,Depozyt,,PLN,"5,00",PLN,"5,00",
